All_India_Rank,Percentile
7161,99.2839313
8562,99.1437332
11609,98.8392642
12183,98.7817487
16018,98.3982746
20624,97.9376915
22470,97.7531204
29215,97.078632
29376,97.0625446
30443,96.9558408
32188,96.7813126
32496,96.7505208
32647,96.7353455
33783,96.6217624
35055,96.4946448
36611,96.3390419
37915,96.2086362
39773,96.0227743
44695,95.5306455
45261,95.4739419
46061,95.3940539
46199,95.380187
47659,95.2342842
48045,95.1955239
48074,95.1927882
49124,95.0876819
50069,94.993181
51341,94.8660097
51372,94.8628651
52393,94.7607964
53048,94.6952631
53431,94.6569649
54124,94.5877243
55406,94.4594549
55689,94.4311616
56024,94.3976314
56715,94.3285748
57530,94.2471656
58854,94.1146577
59790,94.0210634
61320,93.8681097
61537,93.8463815
62039,93.7963114
62872,93.7128919
63604,93.6397168
64018,93.5983472
64073,93.5928462
64393,93.5608117
64818,93.5182919
65087,93.4915012
65150,93.485095
65536,93.4464779
65628,93.4372677
66139,93.3861137
66161,93.3840411
66164,93.3835826
66369,93.3631997
68335,93.1665898
70244,92.975812
70869,92.9131084
71358,92.8642549
71916,92.8084932
72799,92.7201901
73323,92.6677725
73325,92.667596
73368,92.663237
73620,92.6381179
73996,92.6003839
74130,92.5870987
74491,92.55097
74629,92.5372508
74941,92.5060878
75589,92.4411834
76021,92.3980695
76522,92.3478842
77642,92.2358517
78595,92.1406873
78643,92.135826
78725,92.1276002
78984,92.1017344
79368,92.0633137
79555,92.0445965
79853,92.0147337
80127,91.9873865
80582,91.9419312
80915,91.9085939
81739,91.8262451
81983,91.8018192
82246,91.7754561
83206,91.679434
84749,91.5251921
84937,91.5063738
85167,91.4834168
85971,91.4029641
86187,91.3813692
87167,91.2834527
87936,91.2065074
88701,91.1299649
89061,91.0940009
89238,91.0763689
89668,91.0333147
90760,90.9241296
91160,90.8840624
91312,90.8689513
91314,90.8688159
91767,90.8233604
94502,90.5498409
94704,90.5297088
95012,90.4989438
95128,90.4872954
95630,90.4370473
96596,90.3404946
97089,90.2912299
97197,90.2803796
97432,90.2569304
97560,90.2441582
97623,90.237812
98063,90.1937986
98606,90.1395415
98734,90.1266572
98940,90.1060523
99813,90.0187867
99881,90.0119754
99924,90.0076598
100270,89.9731915
100395,89.9607086
100528,89.9472823
100787,89.9214046
100974,89.9026906
101021,89.8980554
101076,89.8925653
101638,89.8362111
101725,89.8276238
102078,89.7922347
102089,89.7912879
102363,89.763822
102459,89.7541588
103032,89.6968879
103278,89.6722856
103468,89.6533263
103924,89.6077521
104058,89.5942426
104560,89.5441919
105044,89.4957803
105159,89.4841562
106533,89.3468036
106742,89.3259855
106828,89.3173616
106834,89.3166832
107254,89.2747407
107398,89.2604499
107427,89.2574053
107799,89.2201684
108022,89.1979086
108534,89.1467123
108688,89.1312738
108719,89.1282221
108770,89.1230373
109035,89.0965667
109187,89.0814379
109394,89.0606123
109444,89.0557452
109592,89.0407994
109837,89.0163134
110558,88.9442751
110840,88.9161143
111135,88.8866663
111831,88.8170029
112228,88.7772877
112327,88.767429
112366,88.7634565
112470,88.753107
113034,88.69664
115228,88.4773041
115332,88.4668935
115862,88.4138598
115935,88.4066083
116032,88.3969079
116048,88.3953588
116195,88.3805197
116368,88.3632962
116510,88.349062
117248,88.2753435
117863,88.2138377
118290,88.1711254
118386,88.1614648
118456,88.1545443
119000,88.1000235
119449,88.0551132
119844,88.0156362
119922,88.0078983
120260,87.9741338
121046,87.8953512
121488,87.8513661
121510,87.8491066
121819,87.8181216
121945,87.805605
122110,87.7891546
122556,87.74453
122885,87.711655
122941,87.7059317
123122,87.6878793
123191,87.6809538
123216,87.6785859
123566,87.643532
124164,87.5838424
124214,87.5786766
124368,87.5632638
124498,87.5502929
124831,87.5170689
124869,87.5131817
124928,87.5073062
124933,87.5068048
125153,87.484802
125594,87.4406674
125837,87.4163931
126478,87.352291
127419,87.2581996
127921,87.2080472
128206,87.179588
128457,87.154358
128560,87.1440804
128564,87.1436587
129142,87.0859094
129565,87.0435731
129581,87.042012
129744,87.0257552
129886,87.0113737
129969,87.0032246
130891,86.910977
131396,86.860523
131746,86.8254552
132017,86.7984598
132099,86.7902457
132445,86.7556284
133090,86.6911397
134139,86.5861627
134954,86.504669
135140,86.4861376
135477,86.4523616
135529,86.4472723
135598,86.4402838
135644,86.4357251
136311,86.369105
136967,86.3033647
137382,86.2619034
137784,86.2217527
137929,86.2072476
139090,86.0910836
139132,86.0868742
139361,86.0639883
140219,85.9782724
140422,85.957886
140610,85.9391039
140792,85.9208787
141582,85.8419353
142312,85.7689078
142485,85.7515498
142577,85.7423516
142785,85.7215001
142842,85.7158584
142951,85.7050397
143112,85.6889662
143240,85.6761343
143909,85.6092277
143993,85.6007937
144314,85.5687387
144402,85.5599143
144621,85.5380902
145005,85.4995951
146040,85.3961672
146049,85.3952437
146262,85.3739368
146720,85.3279994
147058,85.2943465
147895,85.2105936
148249,85.1751778
149223,85.0777259
149762,85.0238997
149861,85.0140017
150299,84.9701348
150300,84.9700263
150359,84.9642243
150363,84.9638436
150382,84.9619095
150669,84.9332575
150798,84.9202957
150936,84.9064973
151136,84.8864541
151362,84.863822
151392,84.8609927
151760,84.8241566
152555,84.7445304
152984,84.7017078
153151,84.684995
153294,84.6706863
154013,84.5987795
154833,84.5168191
154942,84.5059409
156040,84.3961201
156157,84.384394
156263,84.3737921
156531,84.3470468
157261,84.2740232
158107,84.1894036
158487,84.1513982
158509,84.1492173
158573,84.1427766
159085,84.0916411
159770,84.0230462
159806,84.0194794
159861,84.0140306
160129,83.9871434
160301,83.9699213
160552,83.9449032
160617,83.9383152
161139,83.8861351
161161,83.8840378
161557,83.8443898
162613,83.7388643
163019,83.6981398
163022,83.6978953
163145,83.68562
163370,83.6630415
163458,83.6543516
163501,83.6500255
163608,83.6392195
164075,83.5925981
164145,83.5856193
164384,83.5616705
164570,83.543026
164631,83.5370139
165096,83.4906106
165127,83.4873807
165615,83.4386785
165617,83.4383624
165796,83.4205108
165916,83.4085386
165968,83.4032996
166604,83.3396851
166735,83.3266363
167078,83.2923946
167153,83.284815
167746,83.2254742
167936,83.2064905
168026,83.197626
168269,83.1732067
168430,83.1570703
168648,83.1352427
168700,83.1300087
168723,83.1278182
168738,83.1263327
168988,83.1012802
169441,83.0559993
169741,83.0259415
169804,83.0197066
169843,83.0158241
170195,82.9805732
170460,82.9541845
170630,82.9370581
170919,82.9082142
171180,82.8821424
171383,82.8617961
171640,82.8360906
171696,82.8304286
171876,82.8125679
171892,82.8108915
172034,82.7967269
172079,82.7922336
172172,82.7828686
172416,82.7584901
172533,82.7468667
172695,82.7305441
172722,82.7280064
173182,82.6818628
173276,82.672441
173391,82.6610066
173544,82.6458104
173863,82.6137045
173906,82.6094929
173944,82.6057238
173951,82.6050017
173990,82.6011191
174007,82.5993641
174228,82.57727
174303,82.5697926
174430,82.5570435
175036,82.4964978
175114,82.4886806
175209,82.4791765
175368,82.463316
175525,82.447509
175877,82.4123885
176660,82.3342159
177405,82.2595457
177591,82.2410643
177942,82.2059027
177985,82.2015699
178012,82.198834
178242,82.175907
179411,82.0590727
179428,82.0572805
179789,82.021196
180025,81.9976505
180171,81.983017
180388,81.9612214
180965,81.9036049
181323,81.8678756
181789,81.8211982
181977,81.8022629
182979,81.7022194
183040,81.6960901
183728,81.6272085
184712,81.528816
184900,81.5101488
184991,81.5009634
185204,81.4796546
185581,81.4419982
185618,81.4382678
186125,81.387605
186239,81.3761899
186491,81.35094
186726,81.3274744
187216,81.2785221
187275,81.2726021
187385,81.2615959
187420,81.2581969
187623,81.2378366
188091,81.1910426
188098,81.1902917
188168,81.183311
188266,81.1734784
188295,81.1706389
188335,81.1665945
188459,81.1542111
188552,81.144908
188986,81.1014991
189067,81.0935469
189317,81.0683667
189427,81.0573662
189765,81.0236347
190306,80.9694702
190865,80.9135854
190895,80.9105457
190937,80.9064246
191004,80.8997252
191228,80.8772842
191375,80.8626357
191538,80.8462071
192048,80.7952647
192065,80.7935915
192144,80.7856414
192159,80.7841126
192175,80.7825846
192265,80.7736347
192519,80.7482641
192637,80.7363726
193025,80.6976367
193180,80.6821318
193192,80.6809609
193924,80.6076825
194014,80.5986101
194094,80.5907035
194321,80.5679493
194344,80.5656638
194383,80.5617849
194537,80.5463831
194700,80.5301071
194970,80.5031352
195260,80.4740816
195334,80.4667198
195541,80.4460007
195551,80.4450468
195664,80.4336906
195899,80.4101961
195961,80.4039813
196145,80.3855919
196334,80.3666608
196446,80.3554559
196501,80.3500388
196650,80.3350458
196760,80.324084
196772,80.3229508
196846,80.3154824
197112,80.2889414
197288,80.2712704
197320,80.2680474
197349,80.2651203
197451,80.2550656
197529,80.2471432
198640,80.1361374
198664,80.13365
199813,80.0188659
200516,79.9486103
200599,79.9401157
200822,79.9178458
201016,79.8985387
201091,79.8910257
201603,79.8398388
201703,79.8297713
201996,79.8005994
202188,79.7813059
202434,79.7566392
202630,79.7370873
202962,79.7038398
203032,79.6969795
203774,79.622667
204058,79.5943246
204128,79.5872765
204402,79.5598692
204461,79.5539045
204698,79.5303299
205017,79.498465
205099,79.4901542
205106,79.4894227
205869,79.4132402
205925,79.4075177
205965,79.403661
206391,79.3609548
206557,79.3443448
206708,79.3293124
207797,79.2203481
208055,79.1945646
208326,79.1675177
208413,79.1586785
208568,79.1433821
208866,79.1135022
209152,79.0848354
209358,79.0642491
209688,79.0313496
209808,79.0193301
210223,78.9778693
210289,78.9711659
210398,78.9603148
210717,78.9284213
211106,78.8895348
211292,78.8709564
211422,78.8578641
211614,78.8386943
211752,78.8248695
211818,78.8182974
212186,78.7815349
212815,78.7185173
212830,78.7171555
213079,78.692143
213105,78.6895846
213127,78.6874622
213802,78.6199164
213803,78.619817
214273,78.572741
214560,78.5440478
214925,78.5076471
214975,78.5025705
215364,78.4636753
215376,78.4625482
215378,78.4622475
215402,78.4599135
215506,78.4495021
215509,78.4491999
215559,78.4441741
215693,78.430771
215780,78.4220461
216124,78.3877241
216150,78.3850666
216449,78.3552484
216529,78.3471888
216686,78.3314471
217247,78.2753881
217490,78.2510795
217581,78.2420505
218136,78.1864815
218268,78.1732862
218687,78.1314706
218834,78.1167254
219021,78.0980831
219459,78.054263
219755,78.0245556
219932,78.0069495
219953,78.0048763
220210,77.9791766
220231,77.9770494
220989,77.9012484
221435,77.8565849
221564,77.8436581
221601,77.8399824
221692,77.8308168
221742,77.8259671
222085,77.7915858
222253,77.7748646
222465,77.7535384
222908,77.7093541
223381,77.6619753
223548,77.6452358
223719,77.6282814
223845,77.6156554
223948,77.6053106
224028,77.5973017
224202,77.579922
224221,77.5780097
224412,77.5588604
224721,77.5279794
224790,77.521198
225054,77.4948336
225097,77.4904781
225106,77.4895239
225833,77.4167831
225882,77.4118601
226053,77.3947634
226177,77.3823723
226450,77.3552076
226847,77.3154903
227033,77.2968373
227295,77.270552
227572,77.2429447
227661,77.2339881
227728,77.2271923
228466,77.1535144
228831,77.1169579
228878,77.1122596
228923,77.1077875
229135,77.0865751
229195,77.0805983
229742,77.0258959
229789,77.0211062
229819,77.018276
230150,76.9850508
230230,76.9770524
230431,76.9569836
230580,76.9420946
230585,76.9416729
230736,76.9265135
230765,76.9236283
230879,76.9122137
231090,76.8911116
231814,76.8187155
231828,76.8172034
232278,76.7722875
232292,76.7709581
232538,76.7464971
232778,76.7222398
232974,76.7027212
233017,76.6983714
233150,76.6852024
233364,76.6636323
233508,76.6493312
233533,76.6467296
233946,76.6054841
233967,76.6033983
234471,76.5530535
234629,76.5371461
234867,76.5134332
235013,76.4988009
235226,76.4775136
236351,76.3650479
236473,76.3527359
236841,76.3160405
237102,76.2898716
237495,76.2506548
238418,76.1583167
238503,76.1497895
238723,76.1277705
239247,76.0754412
239293,76.070863
239307,76.0693734
239388,76.0612433
239684,76.0317347
239755,76.0245276
239980,76.0020347
240030,75.9970469
240181,75.9819792
240256,75.9744332
240399,75.9601031
240400,75.9600432
240679,75.9322321
240693,75.9307364
240841,75.915983
240874,75.9127973
240935,75.9065975
241195,75.8806171
241270,75.8730527
241310,75.8692082
241471,75.8529729
241602,75.8398886
241638,75.8363659
241680,75.8320909
241756,75.8245024
241811,75.8189859
242039,75.7961863
242163,75.7838185
242170,75.7831276
242294,75.7706678
242522,75.7478617
242646,75.7354695
242852,75.7148299
243077,75.6923205
243673,75.6328149
243687,75.6314469
243690,75.6311436
243794,75.6205809
244515,75.5485877
245089,75.4911449
245170,75.4831072
245269,75.4731791
245807,75.4194296
245914,75.408699
246065,75.3935052
246123,75.3877516
246135,75.3866003
246360,75.3641045
246650,75.3350297
246708,75.3292232
246866,75.3135028
246945,75.3055298
246995,75.3005166
247196,75.2804777
247197,75.2803756
247454,75.2546561
247752,75.2248648
247928,75.2073007
248037,75.196364
248081,75.1920035
248139,75.186181
248145,75.1856084
248696,75.1305439
248729,75.127242
248980,75.1021644
249014,75.0987419
249076,75.0925119
249254,75.0746783
249281,75.0719806
249359,75.0641561
249560,75.0441002
249575,75.0426349
249677,75.0323637
249877,75.0123981
250386,74.9614661
250427,74.9574105
250514,74.9486725
250790,74.921063
250825,74.917566
250930,74.9071252
251187,74.8813952
251419,74.8581786
251492,74.8509131
251575,74.8425793
252204,74.7797563
252229,74.7771513
252319,74.7681907
252655,74.7345298
252932,74.7068827
253041,74.695916
253093,74.6908373
253683,74.6318383
253742,74.6259392
253766,74.6235014
253814,74.618656
253828,74.61726
253973,74.6028765
254066,74.5935718
254198,74.5803061
254455,74.5545742
254461,74.5540684
254504,74.5496653
255216,74.4785114
255227,74.4774676
255406,74.4594582
255582,74.4419415
256334,74.366726
256399,74.360198
256529,74.3471503
256953,74.3047638
257073,74.2928145
257163,74.2837288
257230,74.2771065
257468,74.2533271
257717,74.2284493
257912,74.2088301
257940,74.2061658
257959,74.2042848
257977,74.2024205
258075,74.1925481
258177,74.1823836
258433,74.1567976
258493,74.1508135
258651,74.1350011
258688,74.1313141
258790,74.1210955
259459,74.0542133
259493,74.050777
259536,74.0464831
259620,74.0380712
259650,74.0351959
259765,74.0236732
260027,73.9974278
260269,73.9732663
260321,73.9680399
260570,73.9431091
260585,73.9415247
260647,73.9353869
260795,73.9205832
261020,73.8980433
261628,73.8372257
261898,73.8103246
261908,73.8093162
262134,73.7866416
262613,73.7387627
262870,73.7131581
262993,73.7007561
263099,73.6902085
263188,73.6812905
263737,73.6264253
263899,73.6101572
264305,73.5696045
264354,73.5647084
264476,73.5525115
264683,73.531804
264709,73.5292172
264835,73.5167096
265109,73.4893281
265285,73.471568
265348,73.4651841
265360,73.4641298
265763,73.4238093
265769,73.4232531
265827,73.4174142
265828,73.4173029
265959,73.4042564
266139,73.3862634
266221,73.3779307
266304,73.3696592
266347,73.3653947
266357,73.3644049
266768,73.3232887
266882,73.3119217
266997,73.3004498
267144,73.2857861
267439,73.2562289
267565,73.2435574
267927,73.2073926
268428,73.1572962
268495,73.1506257
268528,73.1473194
268601,73.1401025
268889,73.1111769
268964,73.1037192
268983,73.1019177
269046,73.0954707
269170,73.0831073
269288,73.0712528
269934,73.0067041
269938,73.006261
269988,73.0013523
270074,72.9927074
270265,72.9735532
270271,72.973042
270297,72.970409
270306,72.9695476
270756,72.9244426
270933,72.9068184
271092,72.8909387
271510,72.8490788
271757,72.824337
271809,72.8191979
271994,72.8007614
272760,72.7241563
272968,72.7032786
272971,72.7029358
273069,72.6931784
273502,72.6498766
273636,72.6365223
273734,72.6266947
273839,72.6161623
273885,72.6116552
274149,72.585207
274292,72.5709218
274590,72.5410138
274636,72.5363788
274938,72.5062281
274953,72.504776
275331,72.4670288
275348,72.4651829
275436,72.4565796
275501,72.4500085
275843,72.415868
275928,72.4072557
276093,72.3908252
276139,72.3862043
276532,72.3469409
276799,72.3201883
276997,72.3004237
277410,72.2591551
277588,72.2412674
277718,72.2283121
277762,72.2238056
277856,72.2145351
278381,72.1620977
278478,72.1522378
278562,72.1438954
278709,72.129244
279053,72.0948016
279461,72.0540083
279698,72.0302805
279802,72.0198786
279810,72.0190957
279856,72.0145021
280524,71.9476409
280760,71.9240967
280880,71.9121784
280959,71.904179
281051,71.8949381
281139,71.8861924
281354,71.8646643
281557,71.8443331
281983,71.801807
282213,71.7787645
282391,71.7609688
282422,71.7579077
282504,71.7496233
282633,71.7367129
282642,71.7359335
282765,71.7235035
282885,71.7115512
283069,71.69311
283075,71.6925757
283172,71.6829214
283254,71.6747056
283301,71.6701196
283822,71.6179543
283930,71.6070534
284025,71.5975401
284161,71.5841353
284624,71.5377531
284819,71.5182295
285010,71.4991037
285129,71.4872137
285287,71.4713259
285311,71.4690079
285470,71.4531036
285656,71.4344548
285686,71.4314731
286014,71.3987758
286070,71.3930937
286191,71.3811036
286230,71.377013
286328,71.3672739
286480,71.3520226
286549,71.3451395
286566,71.3434586
287245,71.2756158
287514,71.2487133
288532,71.146866
288632,71.1367886
288812,71.1189739
288837,71.1163857
288979,71.1021442
288994,71.1007137
289169,71.0832102
289226,71.0774839
289488,71.0513074
289588,71.0412422
289633,71.036838
290032,70.9968502
290305,70.9695697
290314,70.9687324
290649,70.9352602
290664,70.9337793
290765,70.9236528
291134,70.8866838
291213,70.8787229
291415,70.8586703
291525,70.8476685
291672,70.8328664
292091,70.7910461
292126,70.7874834
292224,70.7777751
292501,70.7499743
292843,70.7158989
292878,70.7123393
292944,70.7057899
293191,70.6809768
293261,70.6740203
293484,70.6516515
293611,70.6390422
293612,70.638945
293688,70.6314199
293716,70.6285241
294151,70.5850362
294479,70.5521765
294494,70.5507271
294549,70.545181
294794,70.5207058
294846,70.5155087
295226,70.4774824
295275,70.4726031
295374,70.4626812
295470,70.453081
295583,70.4418538
295655,70.4346088
296012,70.3989174
296083,70.3917271
296641,70.3360212
296734,70.3267265
296779,70.3221801
297137,70.2865043
297140,70.2859855
297586,70.2415392
297626,70.2375356
297752,70.2249271
297827,70.2174088
298025,70.1976275
298160,70.1841434
298223,70.1777637
298447,70.155415
298460,70.1540908
298502,70.1498453
298859,70.1142359
298885,70.1115718
299080,70.0920251
299240,70.076073
299400,70.0600601
299603,70.0398514
299652,70.0349077
299839,70.0162691
300056,69.9944667
300096,69.9905437
300291,69.971142
300371,69.9630178
300527,69.9474431
300785,69.9216347
300909,69.9091289
301082,69.8919293
301134,69.8867153
301297,69.870387
301369,69.8631558
301656,69.8345347
301786,69.8214514
301929,69.8073067
301952,69.8049057
302080,69.7920388
302189,69.7811743
302191,69.7809861
302306,69.7696206
302335,69.7665558
302513,69.7487942
302533,69.7467731
302724,69.727725
302942,69.7058739
303068,69.693243
303084,69.6916902
303164,69.683685
303421,69.6579704
303452,69.6548731
303468,69.6533592
303611,69.638984
303636,69.6364433
303648,69.6352769
303867,69.6134027
303895,69.6105332
303942,69.6059813
304079,69.5922434
304435,69.5566715
304714,69.5287196
304807,69.5192953
304821,69.5180768
305134,69.4866568
305248,69.4752609
305337,69.4664078
305343,69.4658689
305406,69.4595527
305484,69.4517453
305550,69.4450844
305675,69.4325836
305708,69.4293173
306029,69.3971935
306353,69.3648445
306548,69.3453415
306832,69.3169296
306908,69.3091737
307242,69.2759064
307430,69.2570946
307499,69.2502084
307711,69.2289623
308273,69.1727338
308285,69.1716232
308610,69.1390822
308854,69.1147287
309536,69.0464665
309625,69.0376708
309751,69.0250501
309957,69.0044148
310066,68.9934893
310382,68.9619426
310569,68.9432196
310607,68.9394119
310946,68.9055521
311219,68.8782713
311411,68.8589374
311492,68.8508475
311826,68.817461
311917,68.8083249
311984,68.8016969
312043,68.79583
312049,68.7951989
312237,68.7763733
312243,68.7758563
313000,68.700107
313256,68.6745171
313282,68.6719577
313761,68.6239938
313763,68.623903
314025,68.5975776
314111,68.5890999
314251,68.5749513
314262,68.5739259
314404,68.5596679
314502,68.549956
314654,68.5346761
314719,68.5282145
315087,68.4913675
315113,68.4888469
315316,68.4684672
315705,68.4296842
316167,68.3833502
316343,68.3657327
316368,68.3633476
316646,68.3354704
316654,68.3346996
316781,68.3219839
316932,68.3068344
317421,68.2579962
317589,68.2412632
317603,68.2398502
317785,68.2216116
317871,68.2130556
318611,68.138947
318687,68.1313837
318988,68.1013198
319008,68.0992935
319061,68.0939877
319142,68.08584
319168,68.0831959
319263,68.0738409
319433,68.0568122
319926,68.0075451
319962,68.0038781
320213,67.9787644
320281,67.9720003
320326,67.9675427
320497,67.9503884
321003,67.8998401
321005,67.8995497
321189,67.8811919
321218,67.8782965
321265,67.8736613
321316,67.8685104
321340,67.8661873
321362,67.8638326
321517,67.8484065
321737,67.826409
321778,67.822331
321960,67.8040593
321975,67.8026842
321979,67.8022006
322308,67.7692456
322366,67.7634992
322400,67.7600843
322542,67.7460392
322574,67.7427525
323088,67.6913025
323346,67.6654944
323369,67.6632476
323414,67.6587499
323711,67.6288544
324244,67.5757321
324318,67.5683014
324461,67.5539344
324515,67.548644
324773,67.5229123
324824,67.5177278
325054,67.494755
325140,67.4861902
325326,67.4674585
325431,67.4569071
325541,67.4460328
325610,67.4390876
325902,67.4098313
325996,67.4004961
326008,67.3993364
326295,67.3705926
326571,67.3429607
326655,67.3345888
326767,67.323399
326769,67.3231035
326865,67.3135929
327105,67.2895328
327686,67.231533
327863,67.2137219
328144,67.1857506
328257,67.1743795
328307,67.1693729
328463,67.1538147
328480,67.1520567
328511,67.1490139
328659,67.1341634
328667,67.1333722
328707,67.1294203
329196,67.0804431
329275,67.0725368
329571,67.0430124
329747,67.0253987
329892,67.0109084
330176,66.9825164
330455,66.9546029
330786,66.9215304
331010,66.8991049
331038,66.8961996
331164,66.8836126
331498,66.8503964
331630,66.8371
331670,66.8331475
331762,66.8238827
331994,66.8006971
332023,66.7977773
332136,66.7866233
332463,66.7538127
332733,66.7267733
332764,66.7236174
332987,66.7014987
333084,66.6916918
333089,66.6912372
333119,66.6882428
333391,66.6609769
333538,66.6463336
333673,66.6327698
334059,66.5941505
334262,66.5739582
334266,66.5734921
334536,66.5465259
334550,66.5451205
334560,66.5441319
334565,66.5435222
334629,66.5371707
334850,66.5150838
334871,66.5129584
334951,66.5050215
335193,66.4808593
335459,66.4542673
335504,66.449683
335586,66.4415146
335732,66.4269223
335786,66.4215311
335868,66.4132561
335892,66.410991
335954,66.4047463
335969,66.4032476
336150,66.3851602
336509,66.3492267
336709,66.3291486
336788,66.3212931
336861,66.3139174
336980,66.3021208
337087,66.2913915
337363,66.263798
337401,66.2600602
337514,66.2486772
337887,66.2113874
337956,66.2045011
338321,66.167908
338347,66.1653867
338457,66.1542757
338591,66.1409707
339080,66.0921428
339086,66.0915224
339237,66.0763703
339242,66.075902
339389,66.0611463
339403,66.0597999
339407,66.0595465
339680,66.0321923
339681,66.0320026
339939,66.006208
340053,65.994751
340406,65.9594599
340564,65.9437181
340574,65.9426738
340686,65.9315452
340730,65.9271785
341189,65.8812166
341279,65.8722051
341341,65.865916
341677,65.8324374
341740,65.8260428
341759,65.8241791
341788,65.821348
342026,65.7975515
342131,65.7869767
342322,65.7678796
342396,65.760465
342938,65.7062401
343117,65.6883683
343532,65.6468193
344008,65.5993342
344131,65.5870197
344222,65.577928
344895,65.5105523
344932,65.5068402
345075,65.4926027
345084,65.4917032
345220,65.4780926
345267,65.4733855
345631,65.4370855
345733,65.4268213
345944,65.4057985
346041,65.3960634
346283,65.3718852
346700,65.3300463
347090,65.2911297
347120,65.2880784
347216,65.2784168
347366,65.2635748
347527,65.2473853
347561,65.2439472
347596,65.2404793
347782,65.2218602
347934,65.2066653
347942,65.2058889
347973,65.2028865
348136,65.1864667
348261,65.174083
348458,65.1543424
348648,65.1353198
348664,65.1337374
348768,65.1233007
348783,65.1218643
348834,65.1167283
348842,65.1158168
349395,65.0606148
349471,65.0530392
349543,65.0457855
349586,65.0415063
349746,65.0254694
349765,65.0235311
350039,64.9961225
350277,64.9723231
350486,64.9515335
350969,64.9030755
351007,64.8993667
351009,64.8991617
351229,64.8771859
351236,64.8764072
351614,64.8387202
351676,64.8324363
351679,64.8322566
351696,64.8304689
351756,64.8244952
351779,64.8222002
351876,64.8125122
351906,64.8095019
351960,64.8040786
352007,64.7994172
352111,64.7890233
352237,64.7763617
352542,64.7459213
352733,64.7268596
352800,64.7201353
352981,64.7020466
353313,64.6688086
353417,64.6583532
353451,64.6549595
353634,64.636716
353997,64.6004471
354440,64.5562393
354674,64.5327491
354693,64.5307415
354932,64.5068616
354966,64.5036139
355257,64.4743893
355282,64.4719024
355327,64.467352
355395,64.4606783
355555,64.444625
355568,64.4432613
355684,64.4316503
356145,64.3856154
356240,64.3761022
356251,64.3750416
356395,64.3606273
356441,64.3559868
356531,64.3469728
356580,64.342092
356635,64.3365725
356783,64.3217935
357180,64.2821008
357387,64.2613551
357604,64.2397315
357623,64.2377815
357625,64.2375579
358021,64.1979824
358302,64.1699121
358580,64.1421042
358778,64.1223211
359059,64.0942449
359597,64.0404652
359663,64.0338143
359906,64.0094465
359952,64.0048865
360207,63.9793498
360220,63.9781848
360792,63.9209994
361021,63.8980325
361190,63.8811429
361234,63.8767125
361451,63.8550183
361571,63.8429201
361634,63.8366963
361732,63.8268559
362096,63.7905141
362151,63.784997
362477,63.7524973
362494,63.7507458
362505,63.7496142
362510,63.7490867
362531,63.7470838
362595,63.7405985
362638,63.7363166
362716,63.7285021
362796,63.7204798
362993,63.7008018
363064,63.6936019
363071,63.6929226
363116,63.6885175
363227,63.6774784
363309,63.6692174
363539,63.646164
363549,63.6451279
363651,63.6350392
363676,63.6324716
363752,63.6249322
363791,63.6210195
363887,63.6114239
364416,63.5585017
364676,63.5325192
364762,63.523894
364785,63.5215682
364848,63.5152518
364889,63.5110807
365152,63.4848909
365500,63.450176
365553,63.4448365
365555,63.4446114
365734,63.4266633
365781,63.4220499
365926,63.407494
365949,63.4052787
366009,63.3991509
366174,63.3826625
366598,63.3402576
366724,63.3276259
366731,63.3269531
366892,63.3109052
367048,63.2952644
367215,63.2784072
367460,63.2541537
367494,63.2506158
368289,63.1712295
368390,63.1611016
368587,63.1415059
368990,63.1011498
369093,63.0907748
369294,63.0706649
369418,63.0583751
369458,63.0542262
369628,63.0373095
369957,63.0043934
370193,62.9807828
370342,62.9659177
370398,62.9603095
370471,62.9530229
370478,62.9523069
370501,62.9500209
370593,62.9408047
370842,62.915867
371539,62.8462002
371554,62.8446643
371665,62.833561
371724,62.8276832
371852,62.814894
372131,62.7870018
372456,62.7545458
372916,62.7084751
373105,62.6896098
373125,62.6876059
373163,62.6837696
373260,62.6741037
373321,62.6680501
373458,62.6543093
373541,62.6460113
373560,62.6440647
373602,62.6399984
373703,62.6297676
373757,62.6243166
373868,62.613343
373978,62.6022943
374140,62.5860848
374177,62.5823727
374250,62.5751936
374538,62.5463177
374541,62.5460275
374795,62.5206081
374936,62.5065135
375005,62.4996699
375199,62.4801875
375239,62.4761272
375280,62.4721434
375391,62.4610248
375562,62.4439054
375618,62.4383235
375787,62.4213815
376166,62.383501
376298,62.3702934
376499,62.3501704
376504,62.3497595
376568,62.3432294
376656,62.334618
377100,62.2901439
377301,62.2699111
377331,62.2669888
377465,62.2535916
377589,62.2412196
377722,62.2278505
377907,62.2094016
377936,62.2064939
378256,62.1744631
378463,62.1537562
378647,62.1354459
378699,62.1301152
378705,62.1296239
378822,62.1179399
379304,62.0696891
379717,62.0284026
379819,62.0182582
379875,62.0125648
379947,62.0053699
380186,61.9814752
380196,61.9805583
380200,61.9801646
380203,61.9797302
380556,61.9445503
380621,61.9380409
380759,61.9242777
380765,61.9236193
380845,61.9155978
380921,61.9080573
381197,61.8804349
381280,61.8722122
381534,61.8467479
381737,61.8264077
381933,61.8067413
381983,61.801771
381992,61.8008282
382174,61.7826892
382313,61.7688463
382594,61.7406998
382762,61.7239511
382773,61.7228169
382938,61.7062798
382969,61.7032044
383127,61.6874236
383256,61.674507
383400,61.6601075
383624,61.6376615
383655,61.6345784
383982,61.6020129
383993,61.6008614
384670,61.5330263
384931,61.5068817
384994,61.5007038
385183,61.4818447
385213,61.478774
385285,61.4716511
385434,61.456703
385565,61.4435918
385618,61.4383378
385628,61.4372734
385643,61.4357857
385676,61.4325335
386258,61.3742984
386437,61.3564954
386598,61.3403347
386779,61.3222314
386961,61.3039975
386965,61.3036437
387040,61.2960839
387133,61.2868141
387327,61.2673542
387340,61.266152
387477,61.2524145
387485,61.2516991
387490,61.2512196
387726,61.2275382
387942,61.2059034
388068,61.1932527
388088,61.1913452
388312,61.1689105
388421,61.1580269
388722,61.1279865
388832,61.1168588
388994,61.1006538
389128,61.0872882
389137,61.0864411
389177,61.0824277
389333,61.0667552
389395,61.0606378
389436,61.0564399
389500,61.0500581
389603,61.0397942
389817,61.0183723
390247,60.9754445
390332,60.9669143
390391,60.9610883
390410,60.9590876
390436,60.9564939
390747,60.9254605
390944,60.9056955
391159,60.8842747
391338,60.866327
391478,60.8521824
391707,60.8294589
391796,60.8205456
392551,60.7450476
392595,60.7405045
392979,60.7021669
393138,60.6862706
393499,60.6501579
393532,60.6469871
393713,60.6287994
393717,60.6283982
393900,60.6101276
393905,60.6096285
394002,60.5997333
394104,60.5896677
394388,60.5612294
394448,60.55532
394473,60.5527856
394517,60.5484008
394711,60.5288961
394715,60.5285845
394776,60.5225558
394799,60.5202705
394817,60.5184359
394883,60.5117332
394918,60.508363
395036,60.4965362
395037,60.4963941
395190,60.4809987
395247,60.4754477
395320,60.4680704
395331,60.4670173
395601,60.4400034
395826,60.4175769
395858,60.4142937
395914,60.4086992
396226,60.3775789
396272,60.3728671
396451,60.3550407
396454,60.3546901
396509,60.3491499
396666,60.3335001
396668,60.3333346
396930,60.3071677
396997,60.3004737
397147,60.2853853
397601,60.2399506
397616,60.2384841
397748,60.2252409
397815,60.2185891
397915,60.2085829
398034,60.1967364
398307,60.1692897
398321,60.1679633
398446,60.1554637
398452,60.1549594
398597,60.1403443
398657,60.1344113
398742,60.1258936
398991,60.1010522
399242,60.0759298
399255,60.0746061
399385,60.0615723
399601,60.0399074
399693,60.0308124
399886,60.0115265
399961,60.0039213
400192,59.9808383
400418,59.9583126
400485,59.951617
400546,59.9454505
400592,59.9408713
400921,59.9079082
401536,59.8465689
401709,59.829135
401821,59.8180271
401896,59.8104983
401918,59.8083645
401981,59.8019604
402194,59.7807031
402242,59.7758151
402509,59.7491031
402539,59.7462298
402596,59.7404107
402600,59.7400886
402917,59.7084506
403008,59.6993373
403124,59.6876668
403413,59.6587206
403835,59.6166255
403890,59.6111671
404112,59.5888669
404494,59.5506598
404557,59.5443738
404587,59.5414286
404914,59.5087614
405017,59.498338
405171,59.4829251
405344,59.465817
405483,59.4517911
405597,59.4404126
405682,59.4318654
405762,59.4239245
405818,59.418348
406245,59.375615
406354,59.364787
406484,59.3516837
406534,59.3466869
406564,59.3437116
406668,59.3333232
406937,59.3064114
406979,59.3021358
407235,59.2766156
407371,59.2629813
407454,59.254671
407554,59.2447016
407567,59.2433519
407699,59.2301432
407948,59.2051692
408036,59.1965874
408052,59.1949278
408107,59.1893942
408280,59.1720666
408431,59.1568562
408453,59.1547636
408551,59.1450358
408567,59.1434471
408644,59.1357321
408697,59.1304079
408718,59.1283652
408732,59.1268836
408787,59.1214543
408844,59.1156808
409140,59.0860559
409401,59.0599497
409524,59.0476468
409553,59.044833
409687,59.0313629
409768,59.0232483
409871,59.0130357
410069,58.9932164
410345,58.9656481
410581,58.9420256
410612,58.9388623
410625,58.9376038
411120,58.8881063
411165,58.883554
411168,58.8832448
411580,58.842066
411701,58.8301018
411738,58.8262794
412164,58.7837616
412269,58.7731766
412480,58.7521444
412665,58.7336451
412711,58.7290476
412873,58.7128194
412986,58.7015689
413690,58.6311189
413709,58.6292857
413791,58.620919
414047,58.5954174
414054,58.5947142
414331,58.5669532
414404,58.559729
414749,58.5251255
414848,58.5152673
414937,58.5063
415183,58.4818779
415259,58.4741884
415323,58.4679083
415349,58.4652401
415517,58.4484224
415529,58.4471707
415567,58.4433477
415595,58.4406261
415696,58.4304964
415800,58.420033
416336,58.3664242
416387,58.3613521
416472,58.352991
416604,58.3398107
416642,58.3359102
416719,58.3282074
416867,58.3133832
416907,58.3093533
417071,58.2930688
417085,58.2916937
417303,58.2697553
417694,58.2306959
417791,58.2209775
417825,58.217579
417876,58.2125593
418039,58.1961344
418077,58.1924233
418354,58.1647364
418396,58.1604929
418647,58.1354447
419156,58.0845074
419379,58.0622609
419474,58.0526239
419692,58.0308826
419698,58.0302964
419857,58.0142664
419973,58.0027457
420034,57.9966593
420574,57.9427474
420606,57.9394647
420807,57.9193591
420843,57.9158409
420919,57.9081191
421114,57.8885964
421301,57.8699819
421567,57.8433276
421608,57.8392295
421801,57.8200287
421909,57.8092438
421959,57.8042394
422172,57.7829554
422241,57.7760621
422353,57.7646936
422380,57.7621225
422440,57.7560735
422612,57.7388626
422826,57.717528
422935,57.7065135
423093,57.6907124
423362,57.6639317
423386,57.6615244
423389,57.6612068
423443,57.655756
423650,57.6351372
423831,57.617034
423894,57.6107043
424296,57.5704411
424468,57.5532787
424495,57.5506419
424501,57.5500664
424504,57.5496837
424552,57.5448875
424559,57.5441919
424781,57.5220137
425368,57.4632709
425408,57.4591553
425426,57.4575596
425549,57.4452897
425605,57.4395694
425689,57.4311467
425835,57.4165931
425887,57.4113906
425899,57.4102498
426010,57.3991027
426059,57.3941604
426323,57.3677341
426464,57.3537433
426662,57.33393
426725,57.327653
426898,57.3102516
427036,57.2965919
427198,57.2802128
427218,57.2783355
427255,57.2745045
427306,57.2694605
427990,57.2011781
428000,57.2001416
428023,57.1977727
428082,57.1918741
428253,57.174805
428381,57.1620257
428433,57.1568626
428455,57.1545772
428633,57.1367194
428760,57.1241078
428938,57.1062771
428973,57.102735
428978,57.1023149
428991,57.1009893
429626,57.0375153
429703,57.0297553
429705,57.0296243
429795,57.0205341
429824,57.0176586
429904,57.0096879
430162,56.9839871
430275,56.9726392
430289,56.9712539
430297,56.9704709
430325,56.9677801
430376,56.9625021
430494,56.950771
430541,56.9460506
430907,56.9094498
431057,56.8944887
431389,56.861179
431463,56.8537751
431607,56.839416
431889,56.8111909
431938,56.8063159
432134,56.7867781
432306,56.7694761
432444,56.7556848
432585,56.7416087
432748,56.7252886
432791,56.7209043
432845,56.715571
432964,56.7037344
433028,56.6973719
433034,56.6966423
433269,56.673142
433448,56.6553015
433621,56.6378962
433640,56.6360778
434667,56.5333132
434740,56.5261685
434760,56.5240615
434888,56.5113826
435056,56.4945557
435407,56.4593677
435484,56.4516464
435856,56.4144903
436041,56.3959948
436127,56.3874173
436560,56.3440612
436739,56.3262373
436760,56.3241133
436846,56.315483
436870,56.3130644
436890,56.3110908
437017,56.2983592
437471,56.2530029
437741,56.2260043
437753,56.2248131
437966,56.2035883
438108,56.1892934
438126,56.1875502
438220,56.1781115
438467,56.1533881
438527,56.147394
438654,56.1346971
438691,56.131014
438778,56.122252
439057,56.0943267
439122,56.0879327
439301,56.0700449
439384,56.0617373
439686,56.0315077
439690,56.0311384
439700,56.0301357
439822,56.0179394
439871,56.012957
439927,56.0073452
439945,56.0055806
439950,56.0050991
440015,55.9985879
440091,55.9909062
440174,55.9827861
440284,55.9716863
440445,55.9556086
440643,55.9358622
440648,55.9351828
440700,55.9300744
440810,55.9190806
440862,55.9138832
440904,55.9096913
440955,55.9046724
441004,55.8997337
441021,55.8980479
441062,55.8939024
441264,55.87363
441300,55.869996
441370,55.8630235
441568,55.843318
441799,55.8202016
442074,55.7926895
442440,55.7560816
442535,55.7467006
442556,55.7444589
442704,55.7297464
442716,55.7285001
442834,55.716697
442875,55.7126588
443258,55.6743731
443260,55.674088
443420,55.65814
443592,55.6409182
443795,55.6206004
444064,55.5937102
444123,55.5877656
444161,55.5839847
444211,55.578971
444392,55.5609451
444536,55.5464952
444815,55.5185351
445293,55.4707638
445490,55.45094
445798,55.4202753
445805,55.4196019
445864,55.4136932
445907,55.409499
446005,55.3996287
446088,55.3913265
446283,55.3717178
446428,55.3572818
446500,55.3500757
446950,55.3050607
446964,55.30366
447161,55.2839096
447211,55.2789362
447699,55.2302437
447897,55.2103929
447982,55.2018747
447984,55.2016997
448102,55.1899584
448171,55.1830002
448348,55.165327
448482,55.1518577
448642,55.1358691
448873,55.1128177
448905,55.1096946
448952,55.1049715
449145,55.0856291
449363,55.0638076
449390,55.0611701
449418,55.0583397
449425,55.0574853
449535,55.0465473
449590,55.0411169
449591,55.0409107
449722,55.0278551
449798,55.020265
449934,55.0066872
450120,54.9880856
450294,54.9706855
450307,54.9694413
450488,54.9512867
450517,54.9483808
450533,54.9467325
450576,54.9425512
450628,54.9372664
450771,54.9229456
451488,54.8513107
451510,54.8490617
451512,54.8488737
451714,54.8287129
451717,54.8283837
451930,54.8072156
451955,54.8045963
451969,54.8032309
452033,54.7967029
452109,54.789157
452151,54.7849457
452328,54.7672523
452371,54.7630208
452387,54.7614518
452924,54.7077172
453040,54.6960887
453079,54.6921685
453267,54.6734557
453600,54.6402036
453825,54.6176068
453910,54.609147
454430,54.5571172
454515,54.5486378
454654,54.5346418
454754,54.5246756
454812,54.5189198
455368,54.4633606
455543,54.4457591
455573,54.4426983
455645,54.4355751
455658,54.4343505
455664,54.4336208
455740,54.4260412
455867,54.4134078
456144,54.3856942
456155,54.3846297
456168,54.3832386
456305,54.3695838
456766,54.3235598
456967,54.3033404
457020,54.2981738
457063,54.2937466
457064,54.2937425
457081,54.2919814
457177,54.2823428
457339,54.2661752
457511,54.2490272
457594,54.2406997
457741,54.2260559
457765,54.2236718
457822,54.2178408
458002,54.1998372
458212,54.1788348
458302,54.169855
458303,54.1698552
458569,54.143228
458757,54.1243727
458919,54.1081994
459001,54.1000702
459066,54.0935954
459257,54.074413
459261,54.073867
459303,54.0698149
459421,54.0580467
459725,54.0276112
459777,54.0224363
459803,54.0198179
459834,54.0166383
459941,54.0059557
460257,53.9743839
460450,53.9551533
460477,53.9523617
460519,53.9482228
460561,53.9440152
460720,53.9281793
460842,53.9158979
460933,53.9067123
461160,53.8841323
461269,53.8733069
461278,53.8723356
461545,53.8455606
461614,53.8386459
461817,53.8183524
461861,53.8141002
462025,53.7975836
462056,53.7944669
462163,53.7837921
462292,53.7708842
462394,53.7607784
462772,53.7228493
462944,53.705759
462970,53.7031061
462999,53.7002604
463004,53.6997791
463148,53.6853042
463344,53.6656842
463505,53.6496033
463624,53.6376953
463768,53.6232172
463885,53.6116776
464095,53.5906123
464320,53.5680418
464655,53.5344966
464656,53.5343836
465043,53.4958385
465181,53.4819691
465242,53.4758773
465394,53.4607244
465745,53.4255742
466103,53.3898273
466252,53.3749048
466514,53.3486958
466569,53.3431214
466692,53.330859
466851,53.3150301
466963,53.3037659
467156,53.2845603
467283,53.2719173
467392,53.2609328
467980,53.2021746
468017,53.198436
468107,53.1893733
468501,53.15001
468624,53.1378007
468627,53.1373738
468867,53.113348
468988,53.1012433
469164,53.0836891
469251,53.0749498
469346,53.0655837
469353,53.0648108
469484,53.0517486
469799,53.0201851
469808,53.019243
470061,52.9939345
470218,52.9782546
470350,52.9651174
470441,52.956026
470482,52.9519302
470511,52.9489256
470558,52.9443
471062,52.8938487
471784,52.8217201
471963,52.803824
472019,52.7981414
472138,52.7863484
472208,52.7794169
472265,52.7736417
472295,52.7705919
472429,52.7571842
472640,52.7360895
472683,52.731762
472753,52.7248126
472898,52.7102431
472903,52.7097055
473080,52.692111
473177,52.6824011
473205,52.6795714
473260,52.6740359
473290,52.6711145
473358,52.6642505
473395,52.6605931
473412,52.6589882
473474,52.6527326
473577,52.6423315
473584,52.6416363
473654,52.6347076
473875,52.6125312
473944,52.6055999
473983,52.6018266
474208,52.579316
474230,52.5771225
474259,52.5742132
474391,52.5609967
474473,52.5527669
474479,52.5522258
474584,52.5417765
474619,52.5381749
474646,52.535449
474930,52.5070432
475225,52.4775567
475250,52.4751101
475286,52.471393
475287,52.471422
475344,52.4657322
475374,52.4626101
475471,52.452951
475893,52.410804
475975,52.4025928
476062,52.393926
476376,52.3624929
476433,52.3568632
476440,52.3560839
476557,52.3443508
476788,52.3212468
476840,52.3161368
477155,52.2846015
477164,52.2837317
477518,52.2483307
477655,52.234499
477717,52.228343
477982,52.201849
478074,52.1926592
478408,52.159279
478452,52.15495
478816,52.1185599
478894,52.1106854
478954,52.1046874
479126,52.0874647
479456,52.0545045
479598,52.0403101
479640,52.0361403
479656,52.0345399
479718,52.0281849
479780,52.0220924
479842,52.0159692
480040,51.9960781
480098,51.990357
480491,51.9509847
480696,51.9305087
480762,51.9238432
480855,51.914545
480977,51.9024363
481085,51.8916441
481095,51.8906013
481182,51.8818386
481232,51.8769022
481396,51.8605629
481421,51.8580871
481557,51.8443842
481599,51.840117
481770,51.823142
482008,51.7992862
482108,51.7893472
482282,51.7719141
482439,51.7561558
482484,51.7517029
482775,51.7226654
483111,51.6889925
483286,51.6714483
483428,51.6572206
483502,51.6498614
483766,51.6234795
484139,51.586241
484378,51.562244
484564,51.5437777
484663,51.5337331
484793,51.5209166
484898,51.5103863
485238,51.4763071
485302,51.4698176
485397,51.4603972
485458,51.4542807
485460,51.4540363
485638,51.4363146
485644,51.4356588
485659,51.4341643
485714,51.4286898
485770,51.4230713
486034,51.3968039
486189,51.3811732
486312,51.368922
486521,51.3480073
486762,51.3239176
486859,51.3142215
486922,51.3079441
487028,51.2973133
487306,51.2695112
487537,51.2464029
487544,51.2456931
487620,51.2380544
487761,51.223997
487797,51.2204121
487824,51.2177201
487830,51.217109
487954,51.2046884
488034,51.1966971
488103,51.1897723
488823,51.1178157
489066,51.0934889
489077,51.092409
489111,51.08905
489293,51.0707645
489361,51.0640298
489641,51.0360017
489831,51.0171011
489915,51.0085892
490092,50.9909348
490229,50.9772008
490483,50.9517306
490502,50.949874
490552,50.944944
490661,50.9339784
490685,50.931489
490694,50.9306984
491179,50.8821454
491403,50.8598066
492108,50.7893776
492187,50.7814385
492339,50.7662768
492586,50.7414719
492955,50.7045928
493086,50.6914478
493169,50.6831658
493241,50.6759537
493246,50.6754347
493249,50.6752683
493265,50.6734954
493297,50.6704685
493404,50.6597623
493436,50.656525
493672,50.6328443
493714,50.6286209
493847,50.6153726
494177,50.5824313
494193,50.5808002
494202,50.5798478
494245,50.5756574
494289,50.5712842
494609,50.5391887
494659,50.5342055
494697,50.5303246
494766,50.5234793
494781,50.5220255
494816,50.5185177
494827,50.5173746
494997,50.5003863
495200,50.4800776
495202,50.4798861
495406,50.4595212
495461,50.4539016
495494,50.4506963
495756,50.4245175
495805,50.4195715
495918,50.408276
495936,50.4064775
495990,50.401076
496156,50.3845003
496287,50.3714065
496511,50.348895
496707,50.3294326
496804,50.3196855
496962,50.3039966
497115,50.2885404
497250,50.2750566
497750,50.2250899
498043,50.1958207
498149,50.1851025
498332,50.1668585
498706,50.1295296
498858,50.1142526
498989,50.1012685
499505,50.0495773
499542,50.045855
499618,50.0383305
499997,50.0004804
500048,49.9953208
500070,49.993163
500129,49.9872838
500167,49.9833539
500214,49.9787469
500419,49.9581238
500468,49.9533212
500471,49.9529964
500497,49.9504621
500756,49.9245586
500968,49.9033285
501008,49.8993149
501069,49.8932254
501079,49.8922031
501150,49.8850969
501394,49.8607721
501488,49.8513781
501904,49.8096929
501930,49.8071119
502058,49.7943041
502117,49.7883194
502603,49.7397832
502630,49.73718
502772,49.7228625
503204,49.6798057
503273,49.6728586
503763,49.6238201
503950,49.605128
503989,49.6011541
504248,49.5752867
504321,49.5680721
504365,49.5635693
504440,49.5561531
504676,49.5324311
504704,49.5296401
504764,49.5237951
505257,49.4743994
505338,49.4662731
505411,49.4590681
505534,49.4467623
505574,49.442746
505675,49.4325715
505782,49.4218857
506165,49.3836156
506166,49.3835347
506235,49.3765746
506335,49.3666085
506396,49.3605134
506472,49.3529643
506476,49.3525377
506504,49.3496247
506961,49.3039893
507035,49.2965536
507205,49.2796284
507390,49.2611462
507677,49.2324051
507690,49.2310866
507770,49.2231035
508004,49.1997104
508169,49.183168
508288,49.1712391
508300,49.1699975
508732,49.1269634
508792,49.1209248
508813,49.1188181
508925,49.1076633
509274,49.0726372
509714,49.0286132
509840,49.0161192
510501,48.9500147
510588,48.9412134
510717,48.928418
510797,48.92038
511355,48.8645596
511426,48.8574833
511479,48.8520779
511497,48.8503704
511773,48.8227648
512210,48.7791279
512220,48.7780921
512513,48.7488319
512572,48.7427725
512584,48.741658
512612,48.7389278
512642,48.7358846
512733,48.7268423
512773,48.7227098
512901,48.7100366
513068,48.693268
513164,48.6836632
513246,48.6755496
513489,48.6512581
513529,48.6472517
513822,48.6180019
514026,48.5975633
514077,48.5923602
514216,48.5785071
514245,48.575582
514321,48.5681015
514360,48.5641552
514589,48.5411906
514739,48.5262439
514790,48.5210384
514932,48.5069125
515297,48.4703531
515404,48.4596156
515470,48.4531392
515587,48.4414454
515644,48.4357229
515806,48.4194909
515859,48.4141367
515890,48.4110419
515962,48.4038515
516066,48.3934883
516139,48.3862538
516153,48.384853
516388,48.3612176
516562,48.3438653
516696,48.330464
516932,48.3067734
517088,48.2913283
517212,48.2788877
517302,48.2698943
517474,48.2527673
517625,48.2376044
517731,48.2269785
518036,48.1965286
518072,48.1929529
518331,48.1670148
518475,48.1526345
518512,48.1488927
518630,48.1370959
518638,48.1363057
518704,48.1296623
518837,48.1163716
518988,48.1013689
519181,48.0821004
519577,48.0424796
519711,48.0289338
519740,48.026029
519952,48.0048405
520194,47.9807067
520223,47.9776596
520328,47.9672706
520489,47.9512704
520546,47.9455491
520607,47.9393745
520912,47.9088783
521084,47.8917284
521151,47.8850468
521443,47.8557733
521581,47.8419883
521758,47.8242717
521864,47.8136334
522286,47.771489
522861,47.7139852
522935,47.706537
523150,47.6851323
523228,47.6773242
523352,47.6649348
523452,47.6548616
523671,47.6329008
523867,47.6134234
524000,47.6000668
524056,47.5944555
524059,47.5941371
524152,47.5848862
524246,47.5755789
524274,47.5726747
524302,47.5698455
524347,47.5654326
524415,47.5586086
524485,47.551494
524577,47.5424331
524696,47.5306064
525056,47.49437
525400,47.4600382
525403,47.4596576
525449,47.4551962
525649,47.4352495
525697,47.4304053
525768,47.4233696
525854,47.4147415
526338,47.3663851
526467,47.353458
526766,47.3234799
526794,47.3207033
526867,47.3133566
527424,47.2576885
527429,47.2572031
527481,47.2519958
527800,47.2201671
527815,47.2185835
527954,47.2046534
527955,47.2045565
528178,47.1823328
528265,47.1735298
528371,47.1629899
528497,47.1504664
528684,47.1317146
529068,47.0932963
529115,47.0885982
529489,47.0511485
529937,47.0063571
530108,46.9892902
530284,46.9717136
530422,46.9579474
530435,46.9566046
530477,46.9524676
530718,46.9283803
530783,46.9218398
530837,46.9164612
531110,46.8890505
531555,46.8445425
531741,46.8260259
532116,46.7884329
532397,46.7603855
532430,46.7571386
532526,46.7475707
532564,46.7436873
532565,46.7435675
532749,46.725216
532821,46.7179463
532956,46.7044913
533022,46.6978996
533921,46.6079986
533949,46.6052044
534545,46.5455583
534698,46.5302637
534955,46.5045626
534989,46.501119
535023,46.4978171
535162,46.4839447
535193,46.4808398
535273,46.4727869
535583,46.4417594
535599,46.4402372
535629,46.4372319
535633,46.4368109
535778,46.4223872
536033,46.3967987
536049,46.3951872
536064,46.39368
536172,46.382822
536218,46.3783331
536340,46.3660947
536410,46.3591255
536421,46.3580921
536563,46.3437805
536659,46.3340831
536744,46.3257241
536783,46.3218083
536821,46.3179634
537190,46.2811199
537239,46.2762393
537291,46.2709527
537402,46.2598849
537414,46.2587738
537476,46.2524639
537529,46.2472033
537657,46.2342688
537791,46.2209259
537891,46.2110079
537900,46.2101614
537918,46.2082319
538090,46.1911037
538189,46.1811812
538276,46.1725477
538299,46.1701391
538416,46.1585215
538457,46.1543673
538556,46.1445112
538702,46.1299034
538891,46.1109874
538933,46.1068239
538983,46.1018022
539221,46.0779934
539251,46.0749822
539326,46.0675039
539338,46.0663111
539407,46.0593505
539636,46.0364825
539669,46.0331472
539754,46.024698
539784,46.0216704
539820,46.0181385
539878,46.0123336
540112,45.9888539
540326,45.9674999
540684,45.9317319
540815,45.9185912
540829,45.9171636
540842,45.9158454
540843,45.9158427
541010,45.8991451
541023,45.8977896
541293,45.8708383
541358,45.8641517
541407,45.8594664
541499,45.8501922
541756,45.8245071
541909,45.809184
541953,45.8048698
542519,45.748147
542712,45.7289737
542741,45.7260198
542763,45.7238311
542786,45.7214835
542933,45.7067346
542966,45.7035465
543050,45.6951156
543076,45.6925681
543158,45.6842903
543259,45.674179
543495,45.6506694
543789,45.6212956
544130,45.5871005
544459,45.5541624
544580,45.5421405
545021,45.4979873
545030,45.49713
545115,45.488587
545258,45.4743782
545445,45.455565
545529,45.447224
545557,45.4443756
545627,45.4373859
545710,45.4290794
545732,45.4269369
545748,45.4253459
545896,45.4105279
545918,45.4082946
545987,45.401407
546050,45.3951449
546210,45.3791465
546216,45.3783655
546278,45.3722864
546318,45.3682888
546466,45.3535335
546644,45.3356967
546797,45.320436
546860,45.3140461
546862,45.313913
546888,45.311345
547212,45.2788263
547267,45.2735257
547459,45.2542595
547466,45.2535001
547500,45.2500586
547584,45.2416912
547706,45.2295042
547797,45.220422
547882,45.211975
547941,45.2059762
548030,45.1971281
548114,45.1886354
548164,45.1836793
548258,45.1743188
548345,45.1656346
548380,45.1620623
548532,45.146878
548633,45.136873
548647,45.1354581
548726,45.1275104
548896,45.1103882
549079,45.0923256
549123,45.087799
549297,45.0703844
549458,45.0542739
549671,45.0330188
549943,45.0058193
550039,44.9962475
550042,44.9958537
550099,44.9901844
550503,44.9499015
550591,44.9410112
550613,44.9387914
550774,44.9226529
551104,44.8897253
551204,44.8797516
551216,44.8785437
551302,44.8698871
551330,44.8671181
551490,44.8511836
551601,44.8400535
551921,44.8079608
552228,44.7771727
552380,44.7621148
552438,44.7563399
552450,44.7550455
552518,44.7482996
552534,44.7466868
552551,44.7450052
552642,44.7358728
552744,44.7257645
552747,44.7254074
553071,44.692956
553298,44.6703459
553612,44.6388368
553700,44.6301642
553723,44.6278496
553773,44.6228695
554126,44.5874921
554200,44.5800752
554213,44.5788042
554283,44.5717958
554434,44.5566674
554569,44.5431723
554673,44.5327817
554733,44.5267415
555039,44.4962339
555049,44.4951974
555069,44.4931846
555193,44.4807445
555307,44.469342
555369,44.4632968
555407,44.4593686
555453,44.4548305
555463,44.4538081
555492,44.4507612
555504,44.4497896
555966,44.4035342
556109,44.3891616
556127,44.3873986
556478,44.3522425
556517,44.3484913
556541,44.3459546
556542,44.3458738
556726,44.3274635
556763,44.323804
556878,44.3123685
557104,44.2897895
557151,44.2849801
557692,44.2309189
557742,44.2259041
557921,44.2079509
557978,44.2024211
558296,44.1705681
558430,44.1571095
558473,44.1528791
559111,44.0890606
559332,44.0669041
559518,44.0483163
559536,44.0465756
559711,44.0289527
560069,43.9932837
560237,43.9763887
560522,43.9479762
560554,43.9446997
560629,43.9372169
560695,43.9305983
560726,43.9274734
560919,43.9081865
560974,43.902769
560990,43.9009843
561357,43.8643381
561360,43.8640637
561392,43.8608461
561648,43.8353755
561668,43.8333629
561795,43.8206296
561904,43.8096681
561937,43.8064668
562066,43.7934206
562085,43.7917071
562101,43.7899658
562247,43.7753869
562315,43.7685785
562365,43.7635463
562515,43.7486963
562573,43.7428394
562717,43.7284608
562822,43.7178388
562989,43.701209
563077,43.6924261
563410,43.6591135
563547,43.645342
563653,43.6348538
563855,43.6146061
563975,43.6025523
564262,43.5738072
564396,43.5605303
564450,43.5552225
564639,43.5361492
564755,43.5246085
565254,43.4747555
565278,43.4722365
565338,43.466276
565521,43.447957
565655,43.4346492
565723,43.4278663
565881,43.412008
565889,43.4111579
566036,43.3964779
566088,43.3912685
566183,43.3817511
566411,43.3589949
566442,43.3559287
566543,43.3458245
566660,43.3340996
566805,43.3196029
566983,43.3017959
567246,43.2754351
567287,43.271408
567302,43.2698708
567661,43.2339326
567891,43.2110185
568154,43.1846694
568196,43.1805114
568432,43.1569424
568449,43.1551525
568490,43.1511046
568629,43.1371095
568749,43.1252766
569024,43.097632
569035,43.0965743
569171,43.0830669
569538,43.0462883
569741,43.0259401
569774,43.0227357
569868,43.0133345
570096,42.9904683
570316,42.9684738
570939,42.9061782
571266,42.8734896
571487,42.8513054
571842,42.8158909
571845,42.8156892
571861,42.8139552
572175,42.7825708
572200,42.7800408
572202,42.7799306
572232,42.7769602
572581,42.742059
572638,42.7362376
572745,42.725625
572772,42.7229717
572792,42.7209255
572816,42.7185239
572875,42.7125764
572906,42.709511
572913,42.7088618
573058,42.6943164
573321,42.6679376
573463,42.6537772
573582,42.6419605
573594,42.6407162
573703,42.629806
573902,42.6098723
573920,42.6081594
573972,42.6029831
574124,42.5877632
574160,42.5841721
574252,42.5748821
574684,42.531675
574808,42.5192922
574872,42.5129019
574958,42.5043716
575211,42.4790583
575581,42.4420269
575917,42.4083284
575991,42.4009156
576125,42.387612
576329,42.367244
576554,42.344696
576682,42.3319957
577134,42.2866459
577292,42.2708396
577444,42.2556668
577515,42.2485649
577531,42.2470263
577533,42.2467789
577892,42.2108226
577901,42.2100446
577918,42.208212
578041,42.1959464
578139,42.1861189
578215,42.1786104
578506,42.1495093
578586,42.1415958
578610,42.1391457
578695,42.1306721
578931,42.1070144
578958,42.1042512
579018,42.0983064
579174,42.0827296
579218,42.0783352
579329,42.0671764
579420,42.0581244
579631,42.0369533
579708,42.0292478
579837,42.0163442
580044,41.9957012
580499,41.9501411
580577,41.9423788
580786,41.9215451
580809,41.9191485
580822,41.9178748
580886,41.9115036
580903,41.9098123
580908,41.909275
580925,41.9076393
580935,41.9066295
581181,41.882057
581197,41.8803959
581796,41.8204744
582249,41.7751659
582294,41.7707154
582405,41.7595811
582853,41.7147715
582856,41.7144776
582899,41.7101658
583135,41.68661
583218,41.6782294
583572,41.6429152
583850,41.6151338
584042,41.595871
584079,41.5922961
584224,41.5777009
584315,41.5685219
584468,41.5532859
584503,41.5498031
584579,41.5422224
585085,41.4915871
585159,41.4841494
585346,41.4654453
585413,41.4587673
585473,41.4527721
585577,41.4423433
585695,41.4305634
586040,41.396133
586353,41.3648824
586533,41.3468378
586648,41.3353653
586660,41.3341487
586677,41.3324417
586687,41.3313831
586690,41.331107
586760,41.324079
586772,41.322889
586992,41.3009034
586996,41.3005357
587020,41.2981212
587056,41.2944919
587240,41.2761028
587262,41.2739217
587294,41.2707334
587435,41.2565241
587555,41.2445461
587702,41.2299554
587968,41.203297
587979,41.2021788
587983,41.2017868
588150,41.1850868
588153,41.1848279
588457,41.1543446
588546,41.1455012
588782,41.1219123
589031,41.0970198
589072,41.0929111
589413,41.0588258
589543,41.0457714
589668,41.0332529
590114,40.9888229
590156,40.9844849
590313,40.9687908
590325,40.9676339
590534,40.9467798
590713,40.9287728
590894,40.9106501
590914,40.9086379
590967,40.9034797
591033,40.8967481
591161,40.8839986
591266,40.8734511
591315,40.8685276
591573,40.8427854
591582,40.8418531
591685,40.8315654
591819,40.8183003
591842,40.8159212
591980,40.8021466
592156,40.7845412
592230,40.777095
592299,40.770178
592454,40.7547124
592666,40.7335084
593107,40.6893716
593725,40.6276065
593821,40.6179647
593861,40.6139914
593881,40.6119832
594208,40.5792366
594277,40.5722824
594580,40.542053
594597,40.5404902
594671,40.5329845
594788,40.5213388
594809,40.5190938
595158,40.4842496
595199,40.4801323
595290,40.4710899
595318,40.4684211
595613,40.438823
595620,40.4381848
595677,40.4323873
595782,40.4219682
595794,40.4208037
595990,40.4010945
596365,40.363573
596494,40.3506341
596631,40.3369845
596786,40.3215041
596847,40.3155015
597165,40.2835353
597178,40.282303
597237,40.2763093
597315,40.2685787
597421,40.2580156
597476,40.2525256
597503,40.2498295
597659,40.2342199
597961,40.204029
598085,40.1916023
598094,40.1906476
598144,40.1856074
598248,40.1752727
598374,40.1626933
598440,40.1561627
598502,40.149895
598590,40.1410902
598664,40.1337193
598811,40.1189865
598843,40.1158405
599053,40.094899
599225,40.0777095
599339,40.0662049
599360,40.0641168
599398,40.0603789
599433,40.0567925
599580,40.042134
599626,40.0374432
599705,40.0295845
600015,39.9986578
600231,39.9769641
600313,39.9687936
600322,39.9678213
600554,39.9448003
600706,39.9295632
600759,39.9242094
601211,39.8790254
601291,39.8710198
601390,39.8611692
601523,39.8477741
601530,39.8471366
601663,39.8338539
602015,39.7986608
602141,39.785887
602335,39.76657
602368,39.763249
602484,39.7517075
602682,39.7317992
602691,39.7308977
602925,39.7077085
602936,39.7065309
603233,39.6768061
603472,39.6529182
603494,39.6507073
603717,39.6284499
603819,39.6181684
603845,39.6156093
604166,39.5835114
604444,39.5556477
604477,39.5524638
604594,39.5406777
604903,39.5098509
605024,39.4977057
605257,39.4744817
605308,39.4692479
605393,39.4607458
605415,39.4585547
605526,39.4475067
605563,39.4438771
605772,39.4229797
605826,39.4173845
605971,39.4030125
606091,39.3908394
606180,39.3821398
606190,39.3811559
606362,39.363898
606396,39.3605042
606692,39.3309037
606851,39.3149608
607049,39.2952216
607101,39.2899884
607173,39.2828465
607175,39.2825943
607192,39.2808569
607199,39.2801232
607245,39.2755068
607268,39.2733656
607333,39.2667771
607439,39.2562169
607469,39.2532892
607507,39.2493719
607664,39.2336686
607840,39.2160934
608375,39.1626015
608529,39.1472944
608532,39.1469783
608806,39.119531
609016,39.0985725
609136,39.0864911
609254,39.074715
609607,39.0393849
609665,39.0335355
609962,39.0039602
610054,38.9947266
610128,38.9873009
610156,38.9844999
610289,38.9711247
610425,38.9575511
610565,38.9436168
610593,38.9407735
610609,38.9391891
610619,38.9381948
610724,38.9276659
610793,38.9207516
610820,38.9180194
611087,38.8913927
611188,38.8813309
611285,38.8715178
611337,38.8663988
611534,38.8467141
611597,38.8403505
611799,38.8202711
611855,38.8145807
611861,38.8139949
612262,38.7738919
612278,38.7722115
612638,38.7363504
612871,38.7129522
613096,38.6904882
613146,38.6855299
613201,38.680073
613209,38.679146
613660,38.6340777
613777,38.6224691
613839,38.6162232
613893,38.6108336
613935,38.6065474
614883,38.511781
615310,38.4690916
615316,38.4684571
615336,38.4664163
615497,38.4503745
615526,38.4475677
615528,38.447303
615609,38.4392687
615636,38.436509
615836,38.4164618
615845,38.4156639
615925,38.4076106
616018,38.3983481
616111,38.3889466
616697,38.3304519
616774,38.3227534
617169,38.2832145
617411,38.2589597
617475,38.2525977
617552,38.2449306
617829,38.2172117
618055,38.1946301
618167,38.1834506
618608,38.1392676
618675,38.1325422
618700,38.1300981
618792,38.1208835
618963,38.1038393
619039,38.0961463
619069,38.093251
619158,38.0843677
619250,38.0751
619304,38.069703
619354,38.0646616
619358,38.0642729
619411,38.0589796
619677,38.0324721
620198,37.9802964
620220,37.9780339
620319,37.9682128
620345,37.9656413
620349,37.9651987
620535,37.9466735
620806,37.9195389
621149,37.8851475
621442,37.8558724
621664,37.8337113
621672,37.8328167
622293,37.7708168
622348,37.7652119
622353,37.7648512
622763,37.7238454
622992,37.7009252
623489,37.6511662
623512,37.6489085
623644,37.6356743
623831,37.6169485
623933,37.6067831
624039,37.5962349
624079,37.5922022
624267,37.5734725
624354,37.5647383
624475,37.5526329
624524,37.5476196
624564,37.5436857
624614,37.5386468
625123,37.4877908
625216,37.4784653
625248,37.4752811
625405,37.4596531
625408,37.4593238
625421,37.4580504
625474,37.45262
625561,37.4440029
625908,37.4093483
626004,37.3997753
626122,37.3878226
626158,37.3842824
626242,37.3759517
626733,37.3267904
626850,37.3150545
627017,37.2983225
627471,37.2529526
627601,37.2399156
627981,37.2020029
628043,37.1958448
628147,37.185337
628178,37.1823129
628239,37.1762423
628301,37.1699999
628363,37.1637195
629050,37.0951193
629087,37.0913973
629120,37.0880922
629252,37.0748727
629330,37.0671043
629472,37.0529255
629760,37.0242195
629951,37.0050056
629968,37.0033756
629989,37.0012179
630106,36.989495
630217,36.9784074
630375,36.9625389
630761,36.9240153
630785,36.9215004
631275,36.8725569
631422,36.8579055
631822,36.8179597
632114,36.7887715
632126,36.7874882
632191,36.7810078
632468,36.7533492
632602,36.7398335
632668,36.7333202
632675,36.7325586
632803,36.7197914
632841,36.715977
633050,36.6951218
633236,36.6765275
633488,36.6513446
633581,36.6420174
633730,36.6271086
633882,36.6119927
633902,36.6098238
634003,36.5998848
634028,36.5972855
634201,36.5800285
634204,36.5796837
634214,36.5786649
634432,36.5569242
634436,36.5565521
634505,36.5496237
634728,36.5272729
634921,36.5081806
635111,36.4890599
635350,36.4651467
635355,36.4645824
635456,36.4544687
635513,36.448786
635567,36.4434541
635620,36.4380505
635817,36.4183466
635845,36.415627
635848,36.415316
635953,36.4047615
635964,36.4036454
635977,36.4024719
636272,36.3729179
636494,36.3506318
636569,36.3431353
636570,36.3430819
636645,36.3356366
636673,36.3328298
636739,36.3262566
636825,36.3175255
636848,36.3153112
636852,36.3149713
637216,36.2785666
637336,36.2665179
637629,36.2373174
637641,36.2360305
637689,36.2312521
637704,36.2297022
638355,36.164561
638508,36.1492562
638524,36.1477091
638566,36.1434894
638714,36.1286116
638889,36.1111487
639168,36.0832841
639326,36.0675364
639817,36.0183992
639909,36.0091964
639996,36.0004507
640032,35.9969012
640073,35.992866
640222,35.9779078
640283,35.9717246
640303,35.9697374
640324,35.9677294
640473,35.9527888
640659,35.9341963
641483,35.8517694
641520,35.8481252
641564,35.843685
641576,35.8424907
641682,35.8318574
641713,35.8288461
641745,35.8255889
641766,35.8235304
641787,35.8213403
641875,35.8126867
641965,35.8036639
642008,35.7992045
642116,35.7884599
642317,35.7684239
642395,35.760534
642500,35.7500934
642516,35.7485213
642821,35.7179908
642901,35.7100269
642916,35.7084653
643331,35.6668878
643512,35.6489491
643520,35.6481488
643622,35.6380252
644101,35.5898896
644217,35.5784375
644334,35.5666016
644512,35.5489878
644528,35.5473244
644650,35.5350524
644843,35.515839
644937,35.5063723
644949,35.505215
645041,35.4960103
645160,35.4841872
645178,35.4823907
645228,35.4772701
645393,35.4608529
645415,35.4586177
645455,35.4545294
645524,35.4476652
645714,35.4288168
645824,35.4177179
645850,35.41515
645972,35.4028894
646014,35.398673
646390,35.3611014
646401,35.3599867
646597,35.3403253
646637,35.3363498
646668,35.3333354
646696,35.330481
646764,35.3237013
646767,35.3234117
646874,35.3127157
647037,35.2964573
647062,35.2938451
647391,35.2610285
647417,35.2584378
647494,35.2507493
647502,35.2498294
647603,35.2398127
647813,35.2188858
647936,35.206495
648040,35.1961242
648203,35.179839
648334,35.1666487
648358,35.1643917
648420,35.158125
648764,35.123726
648897,35.1103169
648961,35.1040397
648968,35.1033253
649015,35.0986812
649104,35.0896844
649192,35.0808506
649213,35.0787659
649413,35.0587748
649617,35.0383441
649836,35.0165645
649978,35.0023664
650013,34.9987902
650313,34.9687804
650432,34.9568092
650474,34.9527348
650589,34.9412827
650783,34.9217681
650814,34.9186942
650836,34.9165217
650838,34.9163862
651029,34.89721
651292,34.8709098
651353,34.864809
651498,34.8502287
651891,34.8109277
651988,34.8012596
652028,34.7973506
652104,34.7896832
652109,34.7891735
652724,34.7276726
652837,34.7163931
652961,34.7040851
653004,34.6996924
653010,34.6990607
653095,34.6906013
653146,34.6855878
653156,34.6844749
653179,34.6821409
653311,34.668975
653382,34.6619064
653780,34.6221344
653890,34.6111503
654087,34.5913477
654307,34.5693525
654456,34.5544838
654746,34.5255342
654875,34.512537
654918,34.5082696
654987,34.5013704
655073,34.4928471
655607,34.4394264
655645,34.4356452
655662,34.4339669
655695,34.4305847
655791,34.4209406
655949,34.405141
656458,34.3542081
656835,34.3165771
656869,34.3131808
657107,34.2894394
657132,34.2869008
657219,34.2781755
657296,34.2704942
657312,34.2688481
657711,34.2290513
657854,34.2146607
658098,34.190243
658137,34.1864409
658211,34.1790287
658279,34.1721138
658312,34.1689428
658336,34.1664629
658375,34.1625813
658378,34.1623094
658381,34.1620293
658629,34.1372223
658642,34.1358975
658687,34.1313788
658738,34.1263206
659015,34.0985941
659034,34.0967903
659186,34.0815293
659297,34.0703538
659540,34.0460761
659867,34.0134024
659914,34.008765
660002,33.9999706
660043,33.9957802
660166,33.9834533
660168,33.9832469
660227,33.9774126
660345,33.9657152
660361,33.964027
660440,33.9560203
660788,33.9212637
661207,33.8793688
661356,33.8644589
662218,33.7782806
662315,33.7686185
662605,33.7396341
662682,33.7319546
662778,33.7223262
662814,33.7186023
663093,33.6907471
663094,33.6906921
663150,33.6851074
663366,33.6635431
663390,33.6611022
663531,33.6470025
663639,33.6362119
663682,33.6318872
663861,33.6140043
664074,33.5927563
664211,33.5789958
664236,33.5764985
664445,33.5555983
664725,33.5276649
664794,33.5206446
664944,33.5057888
665062,33.4938412
665128,33.4872673
665285,33.4716372
665339,33.4662515
665413,33.4587298
665444,33.4556454
665529,33.4472139
665650,33.4352172
665874,33.4127623
665917,33.4083876
666089,33.391079
666157,33.3844041
666310,33.3691181
666433,33.3567809
666847,33.3153575
666850,33.315108
666971,33.3029529
667138,33.2863936
667316,33.2685758
667330,33.2671329
667406,33.2595045
667541,33.245967
667636,33.236499
667924,33.207782
668007,33.1994434
668018,33.1983102
668022,33.1979462
668251,33.1750273
668412,33.1589198
668481,33.152049
668628,33.1373259
668652,33.1349429
668734,33.1267081
668740,33.1260873
668858,33.1142726
668904,33.1096666
668942,33.1058197
669002,33.0998544
669321,33.067953
669359,33.0641746
669460,33.0541781
669745,33.0255921
669874,33.0127121
669974,33.0027137
670120,32.9881794
670187,32.9813712
670321,32.9679889
670323,32.9677947
670373,32.9628568
670493,32.9508672
670887,32.9114237
670996,32.9005616
671070,32.8931089
671221,32.8779914
671323,32.8678589
671368,32.8633244
671399,32.8601632
671419,32.8582499
671742,32.8258896
671912,32.8088835
671993,32.8008447
672020,32.7980956
672067,32.7934194
672111,32.7890331
672156,32.7844609
672339,32.7662192
673334,32.6667675
673511,32.6489522
673818,32.6183225
673859,32.6141585
674065,32.5936511
674080,32.5921506
674540,32.5460823
674564,32.5438105
674584,32.5417553
674709,32.5292353
674789,32.5212325
674987,32.5014492
675098,32.4902502
675298,32.4703097
675414,32.4587192
675470,32.45308
675555,32.4446232
675868,32.4133616
676042,32.3958789
676115,32.3885973
676262,32.373859
676777,32.3223107
676919,32.3082389
677139,32.2861987
677173,32.2828024
677198,32.2802507
677298,32.2702907
677309,32.2692548
677373,32.2628
677394,32.2607015
677424,32.2577104
677759,32.2241382
677838,32.2163312
677978,32.2022372
678084,32.191653
678108,32.1892475
678305,32.1695912
678617,32.1383824
678749,32.1251999
678792,32.1208547
678808,32.1193503
678897,32.1104417
678911,32.1089913
678928,32.1072761
679109,32.089171
679357,32.0643845
679665,32.03353
679865,32.013552
679952,32.004943
680102,31.9899151
680347,31.9654817
680548,31.945285
680958,31.9042819
681441,31.8559796
681460,31.854084
681479,31.852167
681755,31.8246135
682064,31.7937015
682091,31.7909745
682367,31.7634626
682438,31.7563948
682822,31.7179583
682835,31.7166279
682997,31.7004381
683122,31.6879928
683296,31.670538
683499,31.6501707
683693,31.6308196
683776,31.6225313
683804,31.6196503
683924,31.6076858
684245,31.575655
684752,31.5248088
684781,31.5219375
684996,31.5004912
685049,31.4952177
685177,31.4823321
685390,31.4610937
685437,31.4564577
685442,31.4559034
685511,31.449047
685919,31.4081704
685938,31.4062595
686144,31.3857424
686257,31.3744185
686354,31.3646407
686361,31.36396
686618,31.3383782
686849,31.3151538
687071,31.2930467
687137,31.2863761
687147,31.2853998
687337,31.2664147
687697,31.230295
687748,31.2252269
687792,31.2209043
687935,31.2065638
688005,31.1996498
688201,31.1799197
688389,31.1612283
688510,31.1490312
688518,31.1482824
688685,31.1315468
689397,31.0604951
689484,31.051633
689776,31.0224939
689777,31.0223137
689911,31.00908
689999,31.0002201
690042,30.9959068
690248,30.9753737
690507,30.9494074
690745,30.925611
690789,30.9212066
690802,30.9199282
690826,30.9174754
690842,30.9158893
690893,30.9108405
691161,30.8840139
691162,30.8838943
691196,30.88043
691738,30.8263749
691885,30.8115669
691946,30.8055494
692147,30.7854088
692253,30.7747353
692435,30.7566626
692530,30.7471127
692531,30.7470668
692577,30.7423909
693051,30.6950352
693175,30.6825119
693239,30.676175
693352,30.6648364
693689,30.6311813
693731,30.6270236
694033,30.5967698
694349,30.5652432
694427,30.5573572
694498,30.5503443
694768,30.5233655
694923,30.5078507
694931,30.5069828
695035,30.4964937
695152,30.4849291
695788,30.4212937
695910,30.4090511
695918,30.4082722
695924,30.4077717
696222,30.3778431
696227,30.3774234
696311,30.3690109
696422,30.3578821
696459,30.3542322
696550,30.3451816
696686,30.3314852
696830,30.3170878
696927,30.3074311
697073,30.2928459
697117,30.2883936
697131,30.2869847
697222,30.2777891
697286,30.2714611
697470,30.253043
697488,30.2513342
697688,30.2312878
697698,30.2302858
697710,30.2290995
697711,30.2289565
697881,30.2120777
698115,30.1886649
698117,30.1884809
698648,30.1353342
698692,30.1308985
699076,30.0925807
699345,30.065566
699472,30.0528564
699481,30.0519699
699556,30.0445261
699569,30.0431619
699698,30.0302922
699739,30.0261199
699950,30.0051241
700410,29.9590241
700434,29.9566534
700438,29.9563609
700544,29.945759
701076,29.8925187
701426,29.8575138
701476,29.8524735
701478,29.8522614
701524,29.8476819
701534,29.8466243
701541,29.8460126
701655,29.8346024
701662,29.8338533
701744,29.8257784
701750,29.8251303
701900,29.8101346
701930,29.8070756
702336,29.7664999
702526,29.7475314
702660,29.7341076
702667,29.7334801
702864,29.7136898
702908,29.7092748
703077,29.6924317
703162,29.6838368
703244,29.6757462
703691,29.630935
703730,29.6271319
703804,29.6196676
703970,29.6031238
703974,29.6027454
704246,29.5755077
704441,29.55594
704570,29.5430552
704604,29.5396636
704819,29.5181052
704822,29.5179564
705253,29.4748055
705258,29.4742432
705283,29.4718728
705375,29.4625649
705782,29.4219125
705811,29.4189587
705839,29.4160991
705935,29.4065318
705941,29.4059776
705946,29.4055449
706023,29.3978173
706078,29.392307
706883,29.3116995
706907,29.3094635
706909,29.3092112
707031,29.296994
707408,29.2593566
707457,29.2544624
707772,29.2229577
707790,29.2210876
707873,29.2127498
707900,29.2101494
708047,29.1953317
708161,29.1840974
708508,29.1493014
708682,29.131847
708738,29.1262384
708902,29.1098361
709042,29.095907
709143,29.0857997
709446,29.0554382
709523,29.0477822
709595,29.0405316
709881,29.0120295
709911,29.0089973
710037,28.9963811
710209,28.9791356
710455,28.954585
710532,28.9468793
710712,28.9289159
710804,28.9197084
710881,28.9120396
711001,28.8999758
711308,28.869207
711498,28.8503496
711746,28.8254532
711751,28.8249447
711812,28.8188978
712177,28.7824151
712252,28.7748735
712522,28.7478731
712626,28.7374804
713009,28.6992708
713026,28.6974999
713163,28.6837516
713279,28.6721521
713337,28.6663875
713383,28.6618119
713512,28.6489242
713651,28.6350062
713667,28.6333579
713684,28.6316788
714014,28.5987367
714116,28.5884427
715071,28.4929767
715127,28.4874299
715166,28.4835438
715301,28.4699904
715401,28.4599794
715962,28.4038339
715999,28.4002263
716058,28.3943659
716095,28.3907283
716353,28.3648193
717043,28.2957975
717078,28.292254
717102,28.2898061
717367,28.2634088
718555,28.1447175
718658,28.1343635
718758,28.1243558
719047,28.0954123
719056,28.094518
719164,28.0835788
719209,28.0792381
719220,28.078071
720083,27.9917649
720140,27.9860838
720396,27.9604821
720486,27.9514641
720595,27.9406007
720883,27.9117721
720924,27.907705
721300,27.8700256
721521,27.8479893
721529,27.8471452
721562,27.8438679
721570,27.8431072
721606,27.8394198
721764,27.8236589
721778,27.8223284
721938,27.8062293
722021,27.7980889
722064,27.7937602
722082,27.7918753
723270,27.6730606
723310,27.6691101
723323,27.6677276
723378,27.6621999
723592,27.640877
724169,27.5831933
724386,27.5615047
724618,27.5382693
724674,27.5327637
724725,27.5275252
724918,27.5082431
725166,27.4835243
725177,27.4823419
725286,27.47144
725357,27.4644062
725648,27.4352473
725914,27.4086933
725954,27.404665
725969,27.4031569
726025,27.3974949
726067,27.393407
726380,27.3620376
726911,27.3089916
727316,27.2684744
727347,27.2653897
727399,27.2601925
727446,27.2555097
727472,27.2528636
727503,27.2498621
727508,27.2492076
727661,27.2339887
727772,27.2229418
727779,27.2222238
727899,27.2101513
727909,27.2091596
728250,27.1750497
728513,27.14883
728547,27.145363
728615,27.1386128
728714,27.1287132
728814,27.1188184
728870,27.1131157
728973,27.1027594
729044,27.095627
729556,27.0444862
729831,27.016994
730078,26.9921895
730080,26.9920643
730166,26.9835149
730395,26.9605734
730474,26.9527484
730610,26.9390221
730824,26.9177338
730833,26.9168457
731010,26.8991478
731097,26.8903217
731141,26.8860157
731187,26.8813666
731189,26.8811297
731274,26.8726793
731368,26.8632548
731458,26.854346
731743,26.8258257
732125,26.7875424
732201,26.7799638
732239,26.776181
732335,26.7665964
732850,26.7151503
732908,26.7093345
732947,26.7054026
733233,26.676787
733527,26.6473113
733555,26.6446646
733584,26.6416776
733690,26.6311777
733805,26.6196098
733833,26.6169013
733995,26.6006303
734098,26.5902284
734406,26.5594693
734676,26.5324915
734858,26.5142563
735070,26.4930811
735268,26.4732317
735404,26.4597003
735498,26.4503119
735739,26.4261498
735863,26.413897
736140,26.3861032
736523,26.3477592
736682,26.3318185
736734,26.326703
736845,26.315587
737047,26.2954392
737143,26.2857928
737201,26.2799403
737203,26.2798835
737405,26.2596218
737464,26.2536873
737544,26.2457082
737553,26.2448237
737686,26.2314286
737769,26.2232079
737935,26.2065775
738277,26.1724254
738452,26.154863
738928,26.1072698
738984,26.1017831
739351,26.0650615
739490,26.0509352
739893,26.0108578
739953,26.0047963
740380,25.9620646
740429,25.9571496
740691,25.9309525
740713,25.928766
740774,25.9226436
741054,25.8946323
741412,25.858848
741528,25.8473162
741859,25.8142025
741962,25.8039278
742210,25.7790967
742286,25.7714347
742463,25.7538247
742571,25.7429498
742666,25.7335323
742914,25.7086417
743001,25.6999656
743065,25.6935819
743073,25.6928337
743244,25.6757088
743279,25.672201
743792,25.6209943
744007,25.5993082
744507,25.5493481
744527,25.5473459
744646,25.5354115
744970,25.503064
745301,25.4700344
745344,25.4656704
745350,25.4650833
745421,25.4579139
745630,25.4370602
746010,25.3990769
746455,25.3546321
746522,25.3478163
747306,25.2694772
747665,25.2336543
747753,25.2247777
747791,25.2208942
747939,25.206264
748159,25.1842367
748214,25.1787435
748369,25.1631128
748396,25.1605756
748644,25.1356613
748693,25.1307745
748846,25.1154649
749118,25.0883473
749395,25.060591
749417,25.0584241
749550,25.0451038
749679,25.0321952
749869,25.0131527
749996,25.0005906
750002,24.9998268
750120,24.9881206
750462,24.9539188
750598,24.9403577
750670,24.9331694
750705,24.9295931
750732,24.9269265
750825,24.9176882
750977,24.9023967
751630,24.8370467
751826,24.8174808
752004,24.7996348
752165,24.7836186
752176,24.7825532
752349,24.7651939
752568,24.743219
752621,24.7380511
752785,24.7215112
753099,24.6901227
753116,24.6884911
753285,24.6716126
753305,24.6696211
753360,24.6640967
753430,24.657188
753462,24.6539033
753656,24.6345517
753766,24.6235393
753876,24.6124354
754032,24.5968915
754112,24.5890062
754226,24.5774748
754398,24.5602663
754422,24.5579085
754824,24.5176766
755177,24.4823603
755249,24.4751758
755356,24.4645716
755553,24.4447932
755734,24.4266336
755836,24.4164244
756041,24.3961103
756248,24.3752888
756589,24.3412217
756591,24.3409614
756884,24.311716
757049,24.295273
757115,24.2885674
757137,24.2864229
757150,24.2850297
757598,24.2404011
757667,24.2334134
757959,24.2041794
757961,24.2039851
758106,24.1894745
758235,24.1765771
758365,24.1634776
758425,24.1575951
759295,24.070593
759307,24.0694244
759517,24.0483738
759544,24.0456614
759596,24.0404996
759716,24.0284194
759725,24.0276072
759782,24.0218069
760294,23.970756
760546,23.9455342
760753,23.9247537
760827,23.9174331
761156,23.8845056
761196,23.8804495
761273,23.8726989
761337,23.8664158
761494,23.8506603
761545,23.8456547
761626,23.8375007
761883,23.811765
762081,23.7920899
762157,23.7844288
762464,23.7535172
762610,23.7390757
762753,23.7247308
762882,23.71186
762975,23.7025928
762994,23.7007177
763089,23.6912131
763882,23.6119539
763943,23.6058318
764006,23.5995287
764199,23.5802101
764368,23.5633643
764369,23.5631842
764373,23.5627855
764684,23.5316047
764848,23.5153528
764979,23.5021962
764998,23.5004467
765120,23.4880797
765125,23.4876044
765467,23.4534273
765645,23.4355449
765751,23.4250179
765832,23.4169017
765953,23.4047848
766142,23.3859586
766233,23.3767548
766283,23.3718137
766335,23.3666727
766672,23.3328647
766697,23.3303852
766790,23.3212173
766892,23.3109237
766993,23.3007747
766999,23.3002401
767097,23.2903716
767121,23.2879218
767127,23.2874686
767980,23.2020448
768278,23.1724226
768285,23.1715755
768360,23.1642067
768454,23.1546316
768474,23.1527513
768818,23.118325
768952,23.1049419
768989,23.1012484
769026,23.0974751
769401,23.0599346
769645,23.0355975
769745,23.0256112
769983,23.0017764
770141,22.9860139
770261,22.9740165
770327,22.9673545
770439,22.9562197
770750,22.9250866
770841,22.915965
770847,22.9154394
771108,22.8892612
771211,22.8789772
771304,22.8697036
771451,22.8550687
771720,22.8281096
771785,22.8216264
771805,22.8195851
772514,22.7486961
772876,22.7124976
773290,22.6711147
773724,22.6276852
773810,22.619167
773833,22.6167813
773899,22.6101146
774073,22.5929371
774074,22.5926836
774649,22.5352657
774974,22.5027702
775450,22.4551473
775451,22.4549901
775458,22.4543143
775573,22.4427363
775799,22.4202995
776296,22.3704574
776365,22.3635873
776679,22.3322049
776862,22.3138946
776967,22.3033672
777037,22.2964697
777078,22.2923475
777326,22.2675161
777442,22.25588
777482,22.2519532
778655,22.1345768
778793,22.1208785
779136,22.0865056
779433,22.0568615
779435,22.0565943
779464,22.0537036
779806,22.0195613
779946,22.0056097
779967,22.003478
780064,21.9937439
780373,21.9628295
780508,21.9492747
780599,21.9402148
781040,21.8960543
781397,21.8604188
781429,21.857222
781459,21.854102
781962,21.8039019
782252,21.7749207
782256,21.7744958
782381,21.7620179
782406,21.7594329
783103,21.6897612
783313,21.6688517
783317,21.6684
783927,21.607417
783938,21.6062727
784091,21.591001
784155,21.5844849
784405,21.5596423
784850,21.5151904
785062,21.4938467
785188,21.481253
785307,21.469422
785373,21.4628737
785715,21.4285999
785947,21.4053385
785978,21.4022896
786028,21.3972485
786232,21.3768666
786377,21.3623848
786645,21.3355535
786758,21.3242611
786829,21.3172037
786879,21.3122108
787036,21.2964288
787193,21.2808198
787341,21.2659809
787436,21.256536
787488,21.251339
787501,21.2499728
787515,21.2486307
787886,21.2114582
788144,21.1857662
788179,21.18216
788400,21.1601176
788449,21.1551906
788462,21.1538492
788630,21.137145
788862,21.1138693
789085,21.091515
789163,21.0836559
789333,21.0667562
789460,21.0541688
789534,21.0467629
789652,21.0348641
789757,21.0243813
790010,20.9990768
790126,20.9874333
790444,20.9556526
790616,20.9385491
790745,20.9256252
791366,20.8635137
791502,20.8498332
791526,20.847505
791866,20.8133848
792075,20.7926421
792454,20.7547129
792657,20.7343327
792704,20.7297808
792861,20.7139102
793137,20.6864265
793422,20.6579278
793696,20.630438
793704,20.6296981
794047,20.5953182
794099,20.5900577
794120,20.5880466
794358,20.5642692
794360,20.5641322
794439,20.5562034
794575,20.5426047
794661,20.5339493
794773,20.5227735
794783,20.5217535
794803,20.5197388
794991,20.5009703
795089,20.4912037
795521,20.4479714
795528,20.4472838
795664,20.4337347
795797,20.420375
795814,20.4186333
796060,20.3941282
796304,20.3697133
796945,20.3056164
797169,20.2832313
797605,20.2396228
797892,20.2109014
798001,20.2001196
798006,20.1994358
798348,20.1652707
799018,20.0983484
799092,20.0909071
799292,20.0709379
799413,20.0588085
799440,20.0561687
799590,20.0410496
800006,19.9995671
800388,19.9613585
800838,19.9162395
800845,19.9156315
800882,19.9118978
800900,19.9100697
801720,19.8280056
802628,19.7372495
802671,19.7330354
802693,19.7308407
802809,19.7191895
802957,19.7044408
803122,19.6879473
803315,19.6686077
803404,19.6596639
803539,19.6462221
803552,19.6449243
803962,19.6039337
804218,19.5783433
804233,19.5767319
804594,19.5406745
804699,19.5301051
805221,19.4780373
805507,19.4493894
805665,19.4336215
806260,19.3740262
806945,19.30567
807064,19.2936403
807199,19.2802387
807356,19.2645059
807399,19.2601905
807428,19.2572865
808494,19.1506681
808932,19.1069648
809491,19.0510006
809510,19.0490365
809730,19.0270808
809742,19.0259064
809890,19.0111449
809979,19.0021698
810153,18.9847731
810530,18.9471012
810852,18.9149437
810991,18.9009316
811168,18.8833253
811278,18.8722768
811558,18.8442838
812142,18.7860001
812177,18.7823902
812316,18.7685377
812360,18.7641359
812657,18.734341
812843,18.7157077
813149,18.685241
813158,18.6842458
813263,18.6737168
813475,18.6526513
814434,18.556649
814517,18.5483614
814525,18.5476987
815017,18.498317
815113,18.4887372
816313,18.368777
816571,18.342988
816806,18.3194553
817131,18.2869421
817297,18.2704755
817722,18.2279131
817750,18.2251293
818263,18.1737931
818634,18.1367145
819418,18.0583466
819510,18.0490502
819809,18.0192132
820760,17.9241348
820838,17.9163772
821015,17.8986974
821077,17.8924035
821434,17.8567569
821534,17.8465665
821597,17.8404776
822089,17.7911637
822244,17.7756879
822471,17.7530221
822733,17.7267923
822754,17.7247098
822966,17.7035794
823032,17.6968808
823527,17.6473457
823632,17.6369907
823737,17.6264263
824128,17.5873961
824409,17.5592432
825099,17.4901338
825152,17.4849323
825588,17.4412508
826724,17.3277004
826847,17.3153962
826957,17.3043191
827306,17.2694594
827697,17.2305103
827712,17.2289119
827713,17.2287912
827748,17.2253906
828151,17.1849802
828163,17.1837954
828266,17.1735495
828536,17.14648
829136,17.0864627
829651,17.0348873
830028,16.9972532
830110,16.9890527
830255,16.9746079
830748,16.9252695
830902,16.9100079
831287,16.8713471
831439,16.85627
831537,16.846411
831579,16.8422403
831896,16.8105373
832026,16.7973891
832109,16.7891994
832182,16.7818869
832294,16.7706434
833057,16.694423
833160,16.6841858
833278,16.6721663
834072,16.5928733
834611,16.5389377
834998,16.5003036
835059,16.4941837
835123,16.4877697
835469,16.4532345
835567,16.4434818
836087,16.3915331
836160,16.384063
836162,16.383809
836231,16.377028
837070,16.2931805
837176,16.2825407
837296,16.2705803
837310,16.2690887
837492,16.2508695
837510,16.2491058
837745,16.2255835
837760,16.2241332
837806,16.2195485
838256,16.1745524
838342,16.1659255
839061,16.0940123
839090,16.0911397
839737,16.0263019
839775,16.0226105
839936,16.0065026
839939,16.0062107
840185,15.9815956
840461,15.9540216
840609,15.9391713
840634,15.9367565
840774,15.9227237
840794,15.9207075
840821,15.9179651
841227,15.8774408
841814,15.8187103
841896,15.8104622
842203,15.7797972
842291,15.7710315
843840,15.6161276
844399,15.5602244
844504,15.5497046
844606,15.5395513
844688,15.5313619
844866,15.5135369
845208,15.4792706
845211,15.4789471
845399,15.4601728
845744,15.4257977
845897,15.4104141
846049,15.3953063
846101,15.389994
846396,15.3604871
846400,15.3600963
847262,15.2738954
847320,15.2680613
847371,15.2629426
847687,15.2314251
847725,15.2276527
848000,15.2002222
848036,15.1964783
848041,15.1959824
848223,15.1777614
849867,15.0134563
850066,14.9935407
850148,14.9852562
850380,14.9620549
850861,14.9140476
851263,14.8738192
851473,14.8528379
851799,14.8201559
852041,14.7959061
852102,14.7898563
852110,14.7891344
852723,14.7279056
853006,14.6994785
853106,14.6896138
853247,14.6754415
853347,14.6653303
853390,14.6611107
853857,14.6144432
854336,14.5663787
854727,14.5274322
854759,14.5242586
855043,14.4958199
855099,14.4901969
855541,14.4459914
855928,14.4072884
856690,14.3310412
857208,14.2792656
857581,14.2419792
857966,14.2035057
858040,14.1960722
858386,14.1614565
858479,14.152238
859008,14.0993185
859344,14.065673
860174,13.9827253
860283,13.9717773
860488,13.9513032
860526,13.9475488
860593,13.9407698
860940,13.9060414
861732,13.8268927
862078,13.7922318
862145,13.7855861
863776,13.622486
863951,13.6048768
864244,13.5757265
865124,13.4876909
865348,13.4653591
865360,13.4641108
866084,13.3917368
866266,13.3735595
866273,13.3727934
867050,13.2951
867157,13.2843213
867446,13.255562
867508,13.2492927
868248,13.1752497
868439,13.156237
868627,13.137291
869069,13.0931785
869478,13.0523454
869521,13.0479781
869551,13.0449641
869735,13.0265792
870193,12.9806995
870385,12.9616358
870675,12.9325939
871002,12.8998864
871101,12.8899866
871145,12.8856007
871310,12.8691327
871431,12.8569974
871437,12.8563319
872173,12.7828288
872625,12.7376249
872689,12.7312103
872780,12.7221538
872878,12.7123015
872989,12.7012556
873412,12.6589704
873799,12.6202291
873845,12.6155626
874062,12.5938935
874272,12.5729619
874436,12.5564251
874711,12.5289804
874806,12.5194829
875132,12.4868567
875309,12.4692436
875623,12.4378188
875941,12.4059644
875969,12.4032303
876246,12.3754921
876260,12.3740555
876291,12.3709644
876670,12.3331218
876912,12.308947
876988,12.3012757
877316,12.2685272
877529,12.2472791
877546,12.2454371
877657,12.2344178
878189,12.1812415
878390,12.1610952
878475,12.1526619
878744,12.1258099
879061,12.0940172
879267,12.0733883
879338,12.0663488
879352,12.0649421
879604,12.0395741
879924,12.0076999
880285,11.9715803
880480,11.9521198
880753,11.9247903
881097,11.8903957
881204,11.8796568
881472,11.8529367
882495,11.7506828
882866,11.7134576
882957,11.7043301
883035,11.696601
883155,11.6845986
883608,11.6393585
883720,11.6280385
884095,11.5905731
884325,11.5674926
884774,11.5227687
885124,11.4877125
885385,11.4615768
885612,11.4388339
885729,11.4271385
885842,11.4159207
886379,11.3621446
886429,11.3572052
886660,11.3342021
886761,11.3239826
886825,11.3175519
886897,11.3104191
887466,11.2534387
888254,11.174786
888262,11.1739702
888540,11.1460918
888669,11.1331551
888970,11.1030787
889040,11.0960852
889200,11.0801192
889402,11.059952
889435,11.0565482
889580,11.0421505
890864,10.9137309
890867,10.9133746
890984,10.9016457
891123,10.8878058
891664,10.833647
891730,10.8271512
891765,10.8235438
891830,10.8171274
892410,10.759096
893029,10.697172
893344,10.6656949
893693,10.630854
893831,10.6169404
893999,10.6001794
894635,10.5365624
895360,10.4640981
895421,10.4579658
895508,10.4492116
896001,10.3999472
896380,10.3621819
896656,10.3345123
896978,10.3023106
897843,10.2157859
898703,10.1297974
898891,10.1109785
898939,10.1062263
899072,10.092905
899345,10.0655414
899425,10.0576127
899851,10.0148771
900110,9.9891207
900245,9.9755295
900705,9.9295952
900856,9.9144403
901195,9.8806001
901366,9.8635289
901809,9.8192751
901902,9.8098229
902516,9.7485488
902540,9.7461066
902818,9.7182775
903288,9.671338
904319,9.5681882
904573,9.5428359
904726,9.5274504
905207,9.4793684
905437,9.4564472
905528,9.4473743
905822,9.4178982
906641,9.3358606
906815,9.31859
907215,9.2786016
908071,9.1929884
908852,9.1149168
909181,9.0819762
910136,8.9865419
911077,8.8923417
911335,8.8666618
911454,8.8547775
911898,8.8102543
912035,8.7965543
912553,8.7448205
912644,8.7356406
912679,8.7321754
912851,8.7150551
913387,8.6614369
914186,8.581599
914227,8.5774085
914832,8.5168695
914955,8.5046026
915160,8.4840925
915688,8.4312932
916224,8.3776988
916749,8.3251534
918137,8.1864141
919658,8.0342296
919990,8.0010642
920871,7.9129941
922995,7.700487
923051,7.6950384
923891,7.6108973
924469,7.5532335
924758,7.5242354
925099,7.4901798
925127,7.487426
925594,7.4408099
925819,7.4182058
926305,7.3695009
926623,7.3378477
927057,7.2943884
927636,7.2365035
927707,7.2294279
927981,7.2018887
928180,7.1821003
928593,7.1407795
928766,7.1235611
929080,7.0921364
929195,7.0805186
929419,7.0582631
929510,7.0491225
929939,7.0061226
930597,6.9404028
930825,6.9176517
931237,6.8763393
931313,6.8688689
932081,6.7919244
932490,6.7510604
932635,6.7365529
933034,6.6967688
934486,6.5514754
935083,6.4917419
935272,6.4729223
935646,6.4355331
935773,6.4228334
937942,6.2058864
938888,6.1113127
938904,6.1096675
939502,6.0499837
939516,6.0485572
940196,5.9805541
940219,5.9782397
940463,5.953826
940957,5.9043378
943147,5.6854317
943419,5.6582057
943606,5.6395632
944045,5.5956404
944046,5.5955275
944852,5.5148158
945008,5.4992955
945302,5.4698721
945426,5.4575126
945504,5.4496792
945998,5.4002862
946818,5.318323
948039,5.1961784
949095,5.0906061
951024,4.897624
951969,4.8031584
953868,4.6133328
954074,4.5926385
955124,4.4877623
955419,4.4582487
957141,4.2859866
957649,4.2353499
957728,4.2273622
957772,4.2228525
958304,4.1697373
958363,4.1638033
958870,4.1130612
959088,4.0912465
960333,3.9668497
964144,3.5856701
964629,3.5371949
967504,3.2496539
967990,3.2010626
968784,3.1216937
969372,3.0629194
969605,3.0394706
973163,2.6838008
974385,2.5615627
975392,2.4609701
976087,2.3915471
978403,2.159782
981234,1.8766139
983356,1.6645058
987479,1.2521897
989760,1.0241986
